2025-10-31 19:59:07,017 - INFO - 开始A3C多进程训练
2025-10-31 19:59:07,017 - INFO - 配置参数: A3CConfig(environmentName='PongNoFrameskip-v4', learningRate=0.0007, discountFactor=0.99, numProcesses=4, tMax=20, entropyCoefficient=0.01, valueLossCoefficient=0.5, maxGradientNorm=50.0, frameSkip=4, screenSize=84, trainingSteps=9999999, saveModelFrequency=10000, saveCheckpointFrequency=500000, logInterval=3000, bestModelThreshold=-18.0)
2025-10-31 19:59:07,017 - INFO - 开始A3C训练
2025-10-31 19:59:07,195 - INFO - 动作空间大小: 6
2025-10-31 19:59:09,524 - INFO - 进程 0 启动
2025-10-31 19:59:09,890 - INFO - 进程 0 初始化完成，开始训练
2025-10-31 19:59:09,981 - INFO - 进程 1 启动
2025-10-31 19:59:10,012 - INFO - 启动 4 个训练进程
2025-10-31 19:59:10,368 - INFO - 进程 1 初始化完成，开始训练
2025-10-31 19:59:10,577 - INFO - 进程 2 启动
2025-10-31 19:59:10,974 - INFO - 进程 2 初始化完成，开始训练
2025-10-31 19:59:11,174 - INFO - 进程 3 启动
2025-10-31 19:59:11,584 - INFO - 进程 3 初始化完成，开始训练
2025-10-31 19:59:14,139 - INFO - 🚀 发现新的最佳模型! 奖励: -21.00
2025-10-31 19:59:16,465 - INFO - 🚀 发现新的最佳模型! 奖励: -19.00
2025-10-31 19:59:24,853 - INFO - 进程 0 - 回合 5: 奖励 = -21.00, 平均奖励 (最近5回合): -21.00, 总步数: 15098
2025-10-31 19:59:25,038 - INFO - 模型已保存到: ./A3CModels/a3c_model_PongNoFrameskip-v4_step_15293.pth
2025-10-31 19:59:25,273 - INFO - 进程 1 - 回合 5: 奖励 = -21.00, 平均奖励 (最近5回合): -21.00, 总步数: 15586
2025-10-31 19:59:26,089 - INFO - 进程 2 - 回合 5: 奖励 = -21.00, 平均奖励 (最近5回合): -21.00, 总步数: 16415
2025-10-31 19:59:27,275 - INFO - 进程 3 - 回合 5: 奖励 = -21.00, 平均奖励 (最近5回合): -20.60, 总步数: 17804
2025-10-31 19:59:35,049 - INFO - 模型已保存到: ./A3CModels/a3c_model_PongNoFrameskip-v4_step_26597.pth
2025-10-31 19:59:38,336 - INFO - 进程 0 - 回合 10: 奖励 = -21.00, 平均奖励 (最近5回合): -21.00, 总步数: 30398
2025-10-31 19:59:38,771 - INFO - 进程 1 - 回合 10: 奖励 = -21.00, 平均奖励 (最近5回合): -21.00, 总步数: 30902
2025-10-31 19:59:39,389 - INFO - 进程 2 - 回合 10: 奖励 = -21.00, 平均奖励 (最近5回合): -21.00, 总步数: 31626
2025-10-31 19:59:40,641 - INFO - 进程 3 - 回合 10: 奖励 = -21.00, 平均奖励 (最近5回合): -21.00, 总步数: 33105
2025-10-31 19:59:45,065 - INFO - 模型已保存到: ./A3CModels/a3c_model_PongNoFrameskip-v4_step_38384.pth
2025-10-31 19:59:51,438 - INFO - 进程 0 - 回合 15: 奖励 = -21.00, 平均奖励 (最近5回合): -21.00, 总步数: 45720
2025-10-31 19:59:51,827 - INFO - 进程 1 - 回合 15: 奖励 = -21.00, 平均奖励 (最近5回合): -21.00, 总步数: 46167
2025-10-31 19:59:52,455 - INFO - 进程 2 - 回合 15: 奖励 = -21.00, 平均奖励 (最近5回合): -21.00, 总步数: 46895
2025-10-31 19:59:53,748 - INFO - 进程 3 - 回合 15: 奖励 = -21.00, 平均奖励 (最近5回合): -21.00, 总步数: 48391
2025-10-31 19:59:55,080 - INFO - 模型已保存到: ./A3CModels/a3c_model_PongNoFrameskip-v4_step_49938.pth
2025-10-31 20:00:04,443 - INFO - 进程 0 - 回合 20: 奖励 = -21.00, 平均奖励 (最近5回合): -21.00, 总步数: 61010
2025-10-31 20:00:04,793 - INFO - 进程 1 - 回合 20: 奖励 = -21.00, 平均奖励 (最近5回合): -21.00, 总步数: 61425
2025-10-31 20:00:05,092 - INFO - 模型已保存到: ./A3CModels/a3c_model_PongNoFrameskip-v4_step_61768.pth
2025-10-31 20:00:05,340 - INFO - 进程 2 - 回合 20: 奖励 = -21.00, 平均奖励 (最近5回合): -21.00, 总步数: 62069
2025-10-31 20:00:06,792 - INFO - 进程 3 - 回合 20: 奖励 = -21.00, 平均奖励 (最近5回合): -21.00, 总步数: 63786
2025-10-31 20:00:15,102 - INFO - 模型已保存到: ./A3CModels/a3c_model_PongNoFrameskip-v4_step_73698.pth
2025-10-31 20:00:18,595 - INFO - 进程 0 - 回合 25: 奖励 = -21.00, 平均奖励 (最近5回合): -20.80, 总步数: 77724
2025-10-31 20:00:20,034 - INFO - 🚀 发现新的最佳模型! 奖励: -17.00
2025-10-31 20:00:20,035 - INFO - 进程 1 - 回合 25: 奖励 = -17.00, 平均奖励 (最近5回合): -20.20, 总步数: 79415
2025-10-31 20:00:20,191 - INFO - 进程 2 - 回合 25: 奖励 = -21.00, 平均奖励 (最近5回合): -21.00, 总步数: 79596
2025-10-31 20:00:20,508 - INFO - 进程 3 - 回合 25: 奖励 = -21.00, 平均奖励 (最近5回合): -21.00, 总步数: 79966
2025-10-31 20:00:25,113 - INFO - 模型已保存到: ./A3CModels/a3c_model_PongNoFrameskip-v4_step_85386.pth
2025-10-31 20:00:33,581 - INFO - 进程 1 - 回合 30: 奖励 = -21.00, 平均奖励 (最近5回合): -21.00, 总步数: 95363
2025-10-31 20:00:33,665 - INFO - 进程 0 - 回合 30: 奖励 = -20.00, 平均奖励 (最近5回合): -20.60, 总步数: 95460
2025-10-31 20:00:33,818 - INFO - 进程 2 - 回合 30: 奖励 = -21.00, 平均奖励 (最近5回合): -21.00, 总步数: 95640
2025-10-31 20:00:34,719 - INFO - 进程 3 - 回合 30: 奖励 = -21.00, 平均奖励 (最近5回合): -21.00, 总步数: 96722
2025-10-31 20:00:35,129 - INFO - 模型已保存到: ./A3CModels/a3c_model_PongNoFrameskip-v4_step_97197.pth
2025-10-31 20:00:45,145 - INFO - 模型已保存到: ./A3CModels/a3c_model_PongNoFrameskip-v4_step_108928.pth
2025-10-31 20:00:48,216 - INFO - 进程 1 - 回合 35: 奖励 = -21.00, 平均奖励 (最近5回合): -21.00, 总步数: 112375
2025-10-31 20:00:48,428 - INFO - 进程 0 - 回合 35: 奖励 = -21.00, 平均奖励 (最近5回合): -20.60, 总步数: 112626
2025-10-31 20:00:48,762 - INFO - 进程 3 - 回合 35: 奖励 = -21.00, 平均奖励 (最近5回合): -21.00, 总步数: 113017
2025-10-31 20:00:48,998 - INFO - 进程 2 - 回合 35: 奖励 = -20.00, 平均奖励 (最近5回合): -20.40, 总步数: 113288
2025-10-31 20:00:55,161 - INFO - 模型已保存到: ./A3CModels/a3c_model_PongNoFrameskip-v4_step_120549.pth
2025-10-31 20:01:02,573 - INFO - 进程 1 - 回合 40: 奖励 = -21.00, 平均奖励 (最近5回合): -20.60, 总步数: 128545
2025-10-31 20:01:03,328 - INFO - 进程 3 - 回合 40: 奖励 = -21.00, 平均奖励 (最近5回合): -20.80, 总步数: 129317
2025-10-31 20:01:03,528 - INFO - 进程 0 - 回合 40: 奖励 = -20.00, 平均奖励 (最近5回合): -20.60, 总步数: 129470
2025-10-31 20:01:04,124 - INFO - 进程 2 - 回合 40: 奖励 = -21.00, 平均奖励 (最近5回合): -20.80, 总步数: 130160
2025-10-31 20:01:05,401 - INFO - 模型已保存到: ./A3CModels/a3c_model_PongNoFrameskip-v4_step_131309.pth
2025-10-31 20:01:15,417 - INFO - 模型已保存到: ./A3CModels/a3c_model_PongNoFrameskip-v4_step_142341.pth
2025-10-31 20:01:18,226 - INFO - 进程 1 - 回合 45: 奖励 = -20.00, 平均奖励 (最近5回合): -20.80, 总步数: 145402
2025-10-31 20:01:18,726 - INFO - 进程 3 - 回合 45: 奖励 = -21.00, 平均奖励 (最近5回合): -21.00, 总步数: 145945
2025-10-31 20:01:18,857 - INFO - 进程 0 - 回合 45: 奖励 = -21.00, 平均奖励 (最近5回合): -20.60, 总步数: 146093
2025-10-31 20:01:19,259 - INFO - 进程 2 - 回合 45: 奖励 = -21.00, 平均奖励 (最近5回合): -20.60, 总步数: 146562
2025-10-31 20:01:25,428 - INFO - 模型已保存到: ./A3CModels/a3c_model_PongNoFrameskip-v4_step_153217.pth
2025-10-31 20:01:33,778 - INFO - 进程 3 - 回合 50: 奖励 = -21.00, 平均奖励 (最近5回合): -20.80, 总步数: 162199
2025-10-31 20:01:34,294 - INFO - 进程 1 - 回合 50: 奖励 = -20.00, 平均奖励 (最近5回合): -20.60, 总步数: 162732
2025-10-31 20:01:34,680 - INFO - 进程 0 - 回合 50: 奖励 = -20.00, 平均奖励 (最近5回合): -20.40, 总步数: 163102
2025-10-31 20:01:35,274 - INFO - 进程 2 - 回合 50: 奖励 = -21.00, 平均奖励 (最近5回合): -20.60, 总步数: 163725
2025-10-31 20:01:35,440 - INFO - 模型已保存到: ./A3CModels/a3c_model_PongNoFrameskip-v4_step_163912.pth
2025-10-31 20:01:45,457 - INFO - 模型已保存到: ./A3CModels/a3c_model_PongNoFrameskip-v4_step_174684.pth
2025-10-31 20:01:50,606 - INFO - 进程 0 - 回合 55: 奖励 = -21.00, 平均奖励 (最近5回合): -21.00, 总步数: 180235
2025-10-31 20:01:50,748 - INFO - 进程 3 - 回合 55: 奖励 = -20.00, 平均奖励 (最近5回合): -20.20, 总步数: 180388
2025-10-31 20:01:50,969 - INFO - 进程 1 - 回合 55: 奖励 = -21.00, 平均奖励 (最近5回合): -19.80, 总步数: 180644
2025-10-31 20:01:50,970 - INFO - 🎯 进程 1 开始学习! 平均奖励: -19.80
2025-10-31 20:01:52,145 - INFO - 进程 2 - 回合 55: 奖励 = -20.00, 平均奖励 (最近5回合): -19.60, 总步数: 182008
2025-10-31 20:01:52,145 - INFO - 🎯 进程 2 开始学习! 平均奖励: -19.60
2025-10-31 20:01:55,473 - INFO - 模型已保存到: ./A3CModels/a3c_model_PongNoFrameskip-v4_step_185874.pth
2025-10-31 20:02:05,489 - INFO - 模型已保存到: ./A3CModels/a3c_model_PongNoFrameskip-v4_step_197421.pth
2025-10-31 20:02:05,726 - INFO - 进程 0 - 回合 60: 奖励 = -19.00, 平均奖励 (最近5回合): -20.00, 总步数: 197707
2025-10-31 20:02:06,121 - INFO - 进程 1 - 回合 60: 奖励 = -21.00, 平均奖励 (最近5回合): -20.00, 总步数: 198167
2025-10-31 20:02:07,003 - INFO - 进程 3 - 回合 60: 奖励 = -19.00, 平均奖励 (最近5回合): -19.60, 总步数: 199193
2025-10-31 20:02:07,003 - INFO - 🎯 进程 3 开始学习! 平均奖励: -19.60
2025-10-31 20:02:07,830 - INFO - 进程 2 - 回合 60: 奖励 = -21.00, 平均奖励 (最近5回合): -20.20, 总步数: 200168
2025-10-31 20:02:15,505 - INFO - 模型已保存到: ./A3CModels/a3c_model_PongNoFrameskip-v4_step_209231.pth
2025-10-31 20:02:20,318 - INFO - 进程 0 - 回合 65: 奖励 = -20.00, 平均奖励 (最近5回合): -20.20, 总步数: 214825
2025-10-31 20:02:21,396 - INFO - 进程 1 - 回合 65: 奖励 = -19.00, 平均奖励 (最近5回合): -20.00, 总步数: 215991
2025-10-31 20:02:22,350 - INFO - 进程 3 - 回合 65: 奖励 = -20.00, 平均奖励 (最近5回合): -20.00, 总步数: 217108
2025-10-31 20:02:22,951 - INFO - 进程 2 - 回合 65: 奖励 = -21.00, 平均奖励 (最近5回合): -20.00, 总步数: 217799
2025-10-31 20:02:25,521 - INFO - 模型已保存到: ./A3CModels/a3c_model_PongNoFrameskip-v4_step_220833.pth
2025-10-31 20:02:35,532 - INFO - 模型已保存到: ./A3CModels/a3c_model_PongNoFrameskip-v4_step_232639.pth
2025-10-31 20:02:36,921 - INFO - 进程 0 - 回合 70: 奖励 = -20.00, 平均奖励 (最近5回合): -19.40, 总步数: 234281
2025-10-31 20:02:36,921 - INFO - 🎯 进程 0 开始学习! 平均奖励: -19.40
2025-10-31 20:02:37,041 - INFO - 进程 1 - 回合 70: 奖励 = -20.00, 平均奖励 (最近5回合): -20.00, 总步数: 234402
2025-10-31 20:02:38,807 - INFO - 进程 2 - 回合 70: 奖励 = -21.00, 平均奖励 (最近5回合): -20.40, 总步数: 236382
2025-10-31 20:02:39,948 - INFO - 进程 3 - 回合 70: 奖励 = -18.00, 平均奖励 (最近5回合): -18.20, 总步数: 237702
2025-10-31 20:02:39,948 - INFO - 🎯 进程 3 开始学习! 平均奖励: -18.20
2025-10-31 20:02:45,543 - INFO - 模型已保存到: ./A3CModels/a3c_model_PongNoFrameskip-v4_step_244279.pth
2025-10-31 20:02:51,303 - INFO - 进程 1 - 回合 75: 奖励 = -20.00, 平均奖励 (最近5回合): -20.80, 总步数: 250820
2025-10-31 20:02:51,988 - INFO - 进程 0 - 回合 75: 奖励 = -21.00, 平均奖励 (最近5回合): -20.80, 总步数: 251564
2025-10-31 20:02:53,508 - INFO - 进程 2 - 回合 75: 奖励 = -21.00, 平均奖励 (最近5回合): -20.60, 总步数: 253349
2025-10-31 20:02:54,643 - INFO - 进程 3 - 回合 75: 奖励 = -21.00, 平均奖励 (最近5回合): -20.60, 总步数: 254692
2025-10-31 20:02:55,554 - INFO - 模型已保存到: ./A3CModels/a3c_model_PongNoFrameskip-v4_step_255748.pth
2025-10-31 20:03:05,549 - INFO - 进程 1 - 回合 80: 奖励 = -21.00, 平均奖励 (最近5回合): -21.00, 总步数: 267281
2025-10-31 20:03:05,570 - INFO - 模型已保存到: ./A3CModels/a3c_model_PongNoFrameskip-v4_step_267291.pth
2025-10-31 20:03:06,786 - INFO - 进程 0 - 回合 80: 奖励 = -20.00, 平均奖励 (最近5回合): -20.00, 总步数: 268720
2025-10-31 20:03:07,848 - INFO - 进程 2 - 回合 80: 奖励 = -20.00, 平均奖励 (最近5回合): -20.20, 总步数: 269987
2025-10-31 20:03:08,807 - INFO - 进程 3 - 回合 80: 奖励 = -21.00, 平均奖励 (最近5回合): -20.60, 总步数: 271120
2025-10-31 20:03:15,587 - INFO - 模型已保存到: ./A3CModels/a3c_model_PongNoFrameskip-v4_step_278858.pth
2025-10-31 20:03:19,688 - INFO - 进程 1 - 回合 85: 奖励 = -21.00, 平均奖励 (最近5回合): -20.80, 总步数: 283681
2025-10-31 20:03:21,063 - INFO - 进程 0 - 回合 85: 奖励 = -20.00, 平均奖励 (最近5回合): -20.20, 总步数: 285298
2025-10-31 20:03:22,002 - INFO - 进程 2 - 回合 85: 奖励 = -21.00, 平均奖励 (最近5回合): -20.60, 总步数: 286408
2025-10-31 20:03:22,698 - INFO - 进程 3 - 回合 85: 奖励 = -21.00, 平均奖励 (最近5回合): -20.80, 总步数: 287212
2025-10-31 20:03:25,604 - INFO - 模型已保存到: ./A3CModels/a3c_model_PongNoFrameskip-v4_step_290607.pth
2025-10-31 20:03:33,638 - INFO - 进程 1 - 回合 90: 奖励 = -21.00, 平均奖励 (最近5回合): -20.80, 总步数: 299876
2025-10-31 20:03:34,553 - INFO - 进程 0 - 回合 90: 奖励 = -21.00, 平均奖励 (最近5回合): -21.00, 总步数: 300858
2025-10-31 20:03:35,621 - INFO - 模型已保存到: ./A3CModels/a3c_model_PongNoFrameskip-v4_step_302071.pth
2025-10-31 20:03:36,235 - INFO - 进程 2 - 回合 90: 奖励 = -21.00, 平均奖励 (最近5回合): -20.60, 总步数: 302749
2025-10-31 20:03:36,643 - INFO - 进程 3 - 回合 90: 奖励 = -21.00, 平均奖励 (最近5回合): -20.80, 总步数: 303239
2025-10-31 20:03:45,637 - INFO - 模型已保存到: ./A3CModels/a3c_model_PongNoFrameskip-v4_step_313138.pth
2025-10-31 20:03:48,122 - INFO - 进程 1 - 回合 95: 奖励 = -20.00, 平均奖励 (最近5回合): -20.60, 总步数: 315881
2025-10-31 20:03:49,172 - INFO - 进程 0 - 回合 95: 奖励 = -20.00, 平均奖励 (最近5回合): -20.60, 总步数: 317018
2025-10-31 20:03:50,664 - INFO - 进程 2 - 回合 95: 奖励 = -21.00, 平均奖励 (最近5回合): -20.80, 总步数: 318530
2025-10-31 20:03:51,296 - INFO - 进程 3 - 回合 95: 奖励 = -21.00, 平均奖励 (最近5回合): -20.80, 总步数: 319261
2025-10-31 20:03:55,653 - INFO - 模型已保存到: ./A3CModels/a3c_model_PongNoFrameskip-v4_step_324435.pth
2025-10-31 20:04:02,380 - INFO - 进程 1 - 回合 100: 奖励 = -21.00, 平均奖励 (最近5回合): -20.60, 总步数: 332160
2025-10-31 20:04:03,379 - INFO - 进程 0 - 回合 100: 奖励 = -21.00, 平均奖励 (最近5回合): -20.80, 总步数: 333260
2025-10-31 20:04:04,657 - INFO - 进程 2 - 回合 100: 奖励 = -21.00, 平均奖励 (最近5回合): -20.60, 总步数: 334741
2025-10-31 20:04:04,898 - INFO - 进程 3 - 回合 100: 奖励 = -21.00, 平均奖励 (最近5回合): -21.00, 总步数: 335009
2025-10-31 20:04:05,667 - INFO - 模型已保存到: ./A3CModels/a3c_model_PongNoFrameskip-v4_step_335806.pth
2025-10-31 20:04:15,683 - INFO - 模型已保存到: ./A3CModels/a3c_model_PongNoFrameskip-v4_step_347250.pth
2025-10-31 20:04:16,833 - INFO - 进程 1 - 回合 105: 奖励 = -21.00, 平均奖励 (最近5回合): -20.80, 总步数: 348619
2025-10-31 20:04:17,849 - INFO - 进程 0 - 回合 105: 奖励 = -21.00, 平均奖励 (最近5回合): -20.60, 总步数: 349791
2025-10-31 20:04:18,794 - INFO - 进程 2 - 回合 105: 奖励 = -20.00, 平均奖励 (最近5回合): -20.80, 总步数: 350892
2025-10-31 20:04:19,586 - INFO - 进程 3 - 回合 105: 奖励 = -21.00, 平均奖励 (最近5回合): -20.40, 总步数: 351806
2025-10-31 20:04:25,699 - INFO - 模型已保存到: ./A3CModels/a3c_model_PongNoFrameskip-v4_step_358966.pth
2025-10-31 20:04:31,167 - INFO - 进程 1 - 回合 110: 奖励 = -21.00, 平均奖励 (最近5回合): -20.80, 总步数: 365350
2025-10-31 20:04:31,744 - INFO - 进程 0 - 回合 110: 奖励 = -21.00, 平均奖励 (最近5回合): -20.60, 总步数: 366040
2025-10-31 20:04:33,337 - INFO - 进程 2 - 回合 110: 奖励 = -21.00, 平均奖励 (最近5回合): -20.60, 总步数: 367914
2025-10-31 20:04:33,385 - INFO - 进程 3 - 回合 110: 奖励 = -21.00, 平均奖励 (最近5回合): -21.00, 总步数: 367967
2025-10-31 20:04:35,715 - INFO - 模型已保存到: ./A3CModels/a3c_model_PongNoFrameskip-v4_step_370710.pth
2025-10-31 20:04:45,668 - INFO - 进程 1 - 回合 115: 奖励 = -20.00, 平均奖励 (最近5回合): -20.60, 总步数: 382359
2025-10-31 20:04:45,730 - INFO - 模型已保存到: ./A3CModels/a3c_model_PongNoFrameskip-v4_step_382398.pth
2025-10-31 20:04:45,923 - INFO - 进程 0 - 回合 115: 奖励 = -21.00, 平均奖励 (最近5回合): -21.00, 总步数: 382569
2025-10-31 20:04:47,507 - INFO - 进程 2 - 回合 115: 奖励 = -20.00, 平均奖励 (最近5回合): -20.60, 总步数: 384372
2025-10-31 20:04:47,647 - INFO - 进程 3 - 回合 115: 奖励 = -21.00, 平均奖励 (最近5回合): -21.00, 总步数: 384537
2025-10-31 20:04:55,746 - INFO - 模型已保存到: ./A3CModels/a3c_model_PongNoFrameskip-v4_step_393546.pth
2025-10-31 20:05:01,136 - INFO - 进程 0 - 回合 120: 奖励 = -21.00, 平均奖励 (最近5回合): -20.40, 总步数: 399854
2025-10-31 20:05:01,156 - INFO - 进程 1 - 回合 120: 奖励 = -21.00, 平均奖励 (最近5回合): -20.80, 总步数: 399871
2025-10-31 20:05:02,334 - INFO - 进程 3 - 回合 120: 奖励 = -21.00, 平均奖励 (最近5回合): -20.80, 总步数: 401253
2025-10-31 20:05:02,745 - INFO - 进程 2 - 回合 120: 奖励 = -21.00, 平均奖励 (最近5回合): -20.40, 总步数: 401715
2025-10-31 20:05:05,757 - INFO - 模型已保存到: ./A3CModels/a3c_model_PongNoFrameskip-v4_step_405136.pth
2025-10-31 20:05:15,550 - INFO - 进程 1 - 回合 125: 奖励 = -21.00, 平均奖励 (最近5回合): -21.00, 总步数: 416068
2025-10-31 20:05:15,769 - INFO - 模型已保存到: ./A3CModels/a3c_model_PongNoFrameskip-v4_step_416317.pth
2025-10-31 20:05:16,688 - INFO - 进程 3 - 回合 125: 奖励 = -21.00, 平均奖励 (最近5回合): -21.00, 总步数: 417409
2025-10-31 20:05:17,118 - INFO - 进程 2 - 回合 125: 奖励 = -20.00, 平均奖励 (最近5回合): -20.80, 总步数: 417917
2025-10-31 20:05:17,958 - INFO - 进程 0 - 回合 125: 奖励 = -21.00, 平均奖励 (最近5回合): -19.80, 总步数: 418901
2025-10-31 20:05:17,958 - INFO - 🎯 进程 0 开始学习! 平均奖励: -19.80
2025-10-31 20:05:25,781 - INFO - 模型已保存到: ./A3CModels/a3c_model_PongNoFrameskip-v4_step_428083.pth
2025-10-31 20:05:30,910 - INFO - 进程 2 - 回合 130: 奖励 = -21.00, 平均奖励 (最近5回合): -21.00, 总步数: 433924
2025-10-31 20:05:31,683 - INFO - 进程 1 - 回合 130: 奖励 = -21.00, 平均奖励 (最近5回合): -20.40, 总步数: 434841
2025-10-31 20:05:32,012 - INFO - 进程 0 - 回合 130: 奖励 = -21.00, 平均奖励 (最近5回合): -21.00, 总步数: 435215
2025-10-31 20:05:32,641 - INFO - 进程 3 - 回合 130: 奖励 = -21.00, 平均奖励 (最近5回合): -20.60, 总步数: 435865
2025-10-31 20:05:35,792 - INFO - 模型已保存到: ./A3CModels/a3c_model_PongNoFrameskip-v4_step_439349.pth
2025-10-31 20:05:44,852 - INFO - 进程 2 - 回合 135: 奖励 = -21.00, 平均奖励 (最近5回合): -20.80, 总步数: 449898
2025-10-31 20:05:45,808 - INFO - 模型已保存到: ./A3CModels/a3c_model_PongNoFrameskip-v4_step_451007.pth
2025-10-31 20:05:45,819 - INFO - 进程 1 - 回合 135: 奖励 = -21.00, 平均奖励 (最近5回合): -20.80, 总步数: 451034
2025-10-31 20:05:46,661 - INFO - 进程 0 - 回合 135: 奖励 = -21.00, 平均奖励 (最近5回合): -20.60, 总步数: 451984
2025-10-31 20:05:47,259 - INFO - 进程 3 - 回合 135: 奖励 = -21.00, 平均奖励 (最近5回合): -20.40, 总步数: 452643
2025-10-31 20:05:55,824 - INFO - 模型已保存到: ./A3CModels/a3c_model_PongNoFrameskip-v4_step_462637.pth
2025-10-31 20:05:58,805 - INFO - 进程 2 - 回合 140: 奖励 = -21.00, 平均奖励 (最近5回合): -20.80, 总步数: 466163
2025-10-31 20:05:59,807 - INFO - 进程 1 - 回合 140: 奖励 = -21.00, 平均奖励 (最近5回合): -21.00, 总步数: 467351
2025-10-31 20:06:00,434 - INFO - 进程 0 - 回合 140: 奖励 = -21.00, 平均奖励 (最近5回合): -20.80, 总步数: 468107
2025-10-31 20:06:01,065 - INFO - 进程 3 - 回合 140: 奖励 = -21.00, 平均奖励 (最近5回合): -20.80, 总步数: 468854
2025-10-31 20:06:05,840 - INFO - 模型已保存到: ./A3CModels/a3c_model_PongNoFrameskip-v4_step_474553.pth
2025-10-31 20:06:12,715 - INFO - 进程 2 - 回合 145: 奖励 = -21.00, 平均奖励 (最近5回合): -21.00, 总步数: 482652
2025-10-31 20:06:13,834 - INFO - 进程 1 - 回合 145: 奖励 = -21.00, 平均奖励 (最近5回合): -20.80, 总步数: 484000
2025-10-31 20:06:14,327 - INFO - 进程 0 - 回合 145: 奖励 = -21.00, 平均奖励 (最近5回合): -20.80, 总步数: 484581
2025-10-31 20:06:14,445 - INFO - 进程 3 - 回合 145: 奖励 = -21.00, 平均奖励 (最近5回合): -21.00, 总步数: 484726
2025-10-31 20:06:15,851 - INFO - 模型已保存到: ./A3CModels/a3c_model_PongNoFrameskip-v4_step_486414.pth
2025-10-31 20:06:25,867 - INFO - 模型已保存到: ./A3CModels/a3c_model_PongNoFrameskip-v4_step_498328.pth
2025-10-31 20:06:26,554 - INFO - 进程 2 - 回合 150: 奖励 = -21.00, 平均奖励 (最近5回合): -21.00, 总步数: 499152
2025-10-31 20:06:27,458 - INFO - 进程 1 - 回合 150: 奖励 = -20.00, 平均奖励 (最近5回合): -20.80, 总步数: 500214
2025-10-31 20:06:28,397 - INFO - 进程 0 - 回合 150: 奖励 = -21.00, 平均奖励 (最近5回合): -21.00, 总步数: 501335
2025-10-31 20:06:29,707 - INFO - 进程 3 - 回合 150: 奖励 = -21.00, 平均奖励 (最近5回合): -20.40, 总步数: 502912
2025-10-31 20:06:30,883 - INFO - 模型已保存到: ./A3CModels/a3c_model_PongNoFrameskip-v4_checkpoint_step_504323.pth
2025-10-31 20:06:35,899 - INFO - 模型已保存到: ./A3CModels/a3c_model_PongNoFrameskip-v4_step_510318.pth
2025-10-31 20:06:40,817 - INFO - 进程 2 - 回合 155: 奖励 = -21.00, 平均奖励 (最近5回合): -20.80, 总步数: 516165
2025-10-31 20:06:41,433 - INFO - 进程 1 - 回合 155: 奖励 = -21.00, 平均奖励 (最近5回合): -20.80, 总步数: 516883
2025-10-31 20:06:42,421 - INFO - 进程 0 - 回合 155: 奖励 = -21.00, 平均奖励 (最近5回合): -21.00, 总步数: 518065
2025-10-31 20:06:43,890 - INFO - 进程 3 - 回合 155: 奖励 = -21.00, 平均奖励 (最近5回合): -20.80, 总步数: 519814
2025-10-31 20:06:45,915 - INFO - 模型已保存到: ./A3CModels/a3c_model_PongNoFrameskip-v4_step_522203.pth
2025-10-31 20:06:54,626 - INFO - 进程 2 - 回合 160: 奖励 = -21.00, 平均奖励 (最近5回合): -20.80, 总步数: 532528
2025-10-31 20:06:55,553 - INFO - 进程 1 - 回合 160: 奖励 = -21.00, 平均奖励 (最近5回合): -20.80, 总步数: 533634
2025-10-31 20:06:55,770 - INFO - 进程 0 - 回合 160: 奖励 = -21.00, 平均奖励 (最近5回合): -21.00, 总步数: 533890
2025-10-31 20:06:55,932 - INFO - 模型已保存到: ./A3CModels/a3c_model_PongNoFrameskip-v4_step_534061.pth
2025-10-31 20:06:58,479 - INFO - 进程 3 - 回合 160: 奖励 = -19.00, 平均奖励 (最近5回合): -20.60, 总步数: 537111
2025-10-31 20:07:05,948 - INFO - 模型已保存到: ./A3CModels/a3c_model_PongNoFrameskip-v4_step_545892.pth
2025-10-31 20:07:09,832 - INFO - 进程 1 - 回合 165: 奖励 = -21.00, 平均奖励 (最近5回合): -20.20, 总步数: 550549
2025-10-31 20:07:10,008 - INFO - 进程 2 - 回合 165: 奖励 = -21.00, 平均奖励 (最近5回合): -20.00, 总步数: 550752
2025-10-31 20:07:10,740 - INFO - 进程 0 - 回合 165: 奖励 = -21.00, 平均奖励 (最近5回合): -20.40, 总步数: 551621
2025-10-31 20:07:13,543 - INFO - 进程 3 - 回合 165: 奖励 = -21.00, 平均奖励 (最近5回合): -20.20, 总步数: 554980
2025-10-31 20:07:15,964 - INFO - 模型已保存到: ./A3CModels/a3c_model_PongNoFrameskip-v4_step_557864.pth
2025-10-31 20:07:24,626 - INFO - 进程 1 - 回合 170: 奖励 = -21.00, 平均奖励 (最近5回合): -20.80, 总步数: 568158
2025-10-31 20:07:25,883 - INFO - 进程 0 - 回合 170: 奖励 = -19.00, 平均奖励 (最近5回合): -20.20, 总步数: 569653
2025-10-31 20:07:25,917 - INFO - 进程 2 - 回合 170: 奖励 = -21.00, 平均奖励 (最近5回合): -19.80, 总步数: 569687
2025-10-31 20:07:25,917 - INFO - 🎯 进程 2 开始学习! 平均奖励: -19.80
2025-10-31 20:07:25,973 - INFO - 模型已保存到: ./A3CModels/a3c_model_PongNoFrameskip-v4_step_569745.pth
2025-10-31 20:07:30,575 - INFO - 进程 3 - 回合 170: 奖励 = -21.00, 平均奖励 (最近5回合): -20.60, 总步数: 575259
2025-10-31 20:07:35,990 - INFO - 模型已保存到: ./A3CModels/a3c_model_PongNoFrameskip-v4_step_581645.pth
2025-10-31 20:07:39,883 - INFO - 进程 1 - 回合 175: 奖励 = -21.00, 平均奖励 (最近5回合): -20.60, 总步数: 586287
2025-10-31 20:07:39,910 - INFO - 进程 0 - 回合 175: 奖励 = -20.00, 平均奖励 (最近5回合): -20.40, 总步数: 586312
2025-10-31 20:07:40,711 - INFO - 进程 2 - 回合 175: 奖励 = -21.00, 平均奖励 (最近5回合): -20.80, 总步数: 587260
2025-10-31 20:07:44,700 - INFO - 进程 3 - 回合 175: 奖励 = -21.00, 平均奖励 (最近5回合): -20.60, 总步数: 591978
2025-10-31 20:07:46,006 - INFO - 模型已保存到: ./A3CModels/a3c_model_PongNoFrameskip-v4_step_593499.pth
2025-10-31 20:07:54,069 - INFO - 进程 1 - 回合 180: 奖励 = -21.00, 平均奖励 (最近5回合): -20.80, 总步数: 603020
2025-10-31 20:07:54,940 - INFO - 进程 2 - 回合 180: 奖励 = -21.00, 平均奖励 (最近5回合): -20.80, 总步数: 604065
2025-10-31 20:07:55,214 - INFO - 进程 0 - 回合 180: 奖励 = -21.00, 平均奖励 (最近5回合): -20.60, 总步数: 604373
2025-10-31 20:07:56,022 - INFO - 模型已保存到: ./A3CModels/a3c_model_PongNoFrameskip-v4_step_605333.pth
2025-10-31 20:08:00,885 - INFO - 进程 3 - 回合 180: 奖励 = -21.00, 平均奖励 (最近5回合): -20.60, 总步数: 610800
2025-10-31 20:08:06,032 - INFO - 模型已保存到: ./A3CModels/a3c_model_PongNoFrameskip-v4_step_616387.pth
2025-10-31 20:08:09,863 - INFO - 进程 2 - 回合 185: 奖励 = -21.00, 平均奖励 (最近5回合): -20.80, 总步数: 620728
2025-10-31 20:08:09,914 - INFO - 进程 0 - 回合 185: 奖励 = -21.00, 平均奖励 (最近5回合): -20.80, 总步数: 620779
2025-10-31 20:08:10,985 - INFO - 进程 1 - 回合 185: 奖励 = -21.00, 平均奖励 (最近5回合): -19.80, 总步数: 621993
2025-10-31 20:08:10,985 - INFO - 🎯 进程 1 开始学习! 平均奖励: -19.80
2025-10-31 20:08:16,048 - INFO - 模型已保存到: ./A3CModels/a3c_model_PongNoFrameskip-v4_step_627593.pth
2025-10-31 20:08:16,178 - INFO - 进程 3 - 回合 185: 奖励 = -21.00, 平均奖励 (最近5回合): -20.60, 总步数: 627755
2025-10-31 20:08:23,743 - INFO - 进程 0 - 回合 190: 奖励 = -21.00, 平均奖励 (最近5回合): -21.00, 总步数: 636017
2025-10-31 20:08:24,379 - INFO - 进程 2 - 回合 190: 奖励 = -21.00, 平均奖励 (最近5回合): -21.00, 总步数: 636758
2025-10-31 20:08:25,485 - INFO - 进程 1 - 回合 190: 奖励 = -21.00, 平均奖励 (最近5回合): -21.00, 总步数: 638061
2025-10-31 20:08:26,060 - INFO - 模型已保存到: ./A3CModels/a3c_model_PongNoFrameskip-v4_step_638681.pth
2025-10-31 20:08:29,915 - INFO - 进程 3 - 回合 190: 奖励 = -21.00, 平均奖励 (最近5回合): -21.00, 总步数: 642999
2025-10-31 20:08:36,071 - INFO - 模型已保存到: ./A3CModels/a3c_model_PongNoFrameskip-v4_step_650193.pth
2025-10-31 20:08:37,025 - INFO - 进程 0 - 回合 195: 奖励 = -21.00, 平均奖励 (最近5回合): -21.00, 总步数: 651334
2025-10-31 20:08:37,620 - INFO - 进程 2 - 回合 195: 奖励 = -21.00, 平均奖励 (最近5回合): -21.00, 总步数: 652033
2025-10-31 20:08:38,746 - INFO - 进程 1 - 回合 195: 奖励 = -21.00, 平均奖励 (最近5回合): -21.00, 总步数: 653329
2025-10-31 20:08:43,078 - INFO - 进程 3 - 回合 195: 奖励 = -21.00, 平均奖励 (最近5回合): -21.00, 总步数: 658280
2025-10-31 20:08:46,083 - INFO - 模型已保存到: ./A3CModels/a3c_model_PongNoFrameskip-v4_step_661762.pth
2025-10-31 20:08:50,869 - INFO - 进程 0 - 回合 200: 奖励 = -21.00, 平均奖励 (最近5回合): -21.00, 总步数: 666634
2025-10-31 20:08:51,457 - INFO - 进程 2 - 回合 200: 奖励 = -21.00, 平均奖励 (最近5回合): -21.00, 总步数: 667304
2025-10-31 20:08:52,512 - INFO - 进程 1 - 回合 200: 奖励 = -21.00, 平均奖励 (最近5回合): -21.00, 总步数: 668535
2025-10-31 20:08:56,094 - INFO - 模型已保存到: ./A3CModels/a3c_model_PongNoFrameskip-v4_step_672511.pth
2025-10-31 20:08:57,684 - INFO - 进程 3 - 回合 200: 奖励 = -21.00, 平均奖励 (最近5回合): -20.80, 总步数: 674231
2025-10-31 20:09:04,830 - INFO - 进程 0 - 回合 205: 奖励 = -21.00, 平均奖励 (最近5回合): -21.00, 总步数: 681904
2025-10-31 20:09:05,409 - INFO - 进程 2 - 回合 205: 奖励 = -21.00, 平均奖励 (最近5回合): -21.00, 总步数: 682570
2025-10-31 20:09:06,110 - INFO - 模型已保存到: ./A3CModels/a3c_model_PongNoFrameskip-v4_step_683373.pth
2025-10-31 20:09:06,499 - INFO - 进程 1 - 回合 205: 奖励 = -21.00, 平均奖励 (最近5回合): -21.00, 总步数: 683832
2025-10-31 20:09:11,537 - INFO - 进程 3 - 回合 205: 奖励 = -21.00, 平均奖励 (最近5回合): -21.00, 总步数: 689495
2025-10-31 20:09:16,276 - INFO - 模型已保存到: ./A3CModels/a3c_model_PongNoFrameskip-v4_step_694822.pth
2025-10-31 20:09:18,540 - INFO - 进程 0 - 回合 210: 奖励 = -20.00, 平均奖励 (最近5回合): -20.80, 总步数: 697545
2025-10-31 20:09:19,148 - INFO - 进程 2 - 回合 210: 奖励 = -21.00, 平均奖励 (最近5回合): -21.00, 总步数: 698205
2025-10-31 20:09:20,862 - INFO - 进程 1 - 回合 210: 奖励 = -21.00, 平均奖励 (最近5回合): -21.00, 总步数: 700136
2025-10-31 20:09:26,292 - INFO - 模型已保存到: ./A3CModels/a3c_model_PongNoFrameskip-v4_step_706340.pth
2025-10-31 20:09:26,439 - INFO - 进程 3 - 回合 210: 奖励 = -21.00, 平均奖励 (最近5回合): -20.60, 总步数: 706522
2025-10-31 20:09:33,963 - INFO - 进程 0 - 回合 215: 奖励 = -21.00, 平均奖励 (最近5回合): -20.60, 总步数: 715355
2025-10-31 20:09:34,380 - INFO - 进程 2 - 回合 215: 奖励 = -21.00, 平均奖励 (最近5回合): -20.60, 总步数: 715848
2025-10-31 20:09:35,982 - INFO - 进程 1 - 回合 215: 奖励 = -21.00, 平均奖励 (最近5回合): -20.60, 总步数: 717623
2025-10-31 20:09:36,308 - INFO - 模型已保存到: ./A3CModels/a3c_model_PongNoFrameskip-v4_step_717994.pth
2025-10-31 20:09:42,247 - INFO - 进程 3 - 回合 215: 奖励 = -20.00, 平均奖励 (最近5回合): -20.40, 总步数: 724811
2025-10-31 20:09:46,324 - INFO - 模型已保存到: ./A3CModels/a3c_model_PongNoFrameskip-v4_step_729625.pth
2025-10-31 20:09:49,406 - INFO - 进程 0 - 回合 220: 奖励 = -21.00, 平均奖励 (最近5回合): -20.40, 总步数: 733214
2025-10-31 20:09:50,142 - INFO - 进程 2 - 回合 220: 奖励 = -20.00, 平均奖励 (最近5回合): -20.20, 总步数: 734094
2025-10-31 20:09:51,343 - INFO - 进程 1 - 回合 220: 奖励 = -21.00, 平均奖励 (最近5回合): -20.80, 总步数: 735512
2025-10-31 20:09:56,341 - INFO - 模型已保存到: ./A3CModels/a3c_model_PongNoFrameskip-v4_step_741025.pth
2025-10-31 20:09:56,577 - INFO - 进程 3 - 回合 220: 奖励 = -21.00, 平均奖励 (最近5回合): -20.80, 总步数: 741286
2025-10-31 20:10:05,284 - INFO - 进程 2 - 回合 225: 奖励 = -21.00, 平均奖励 (最近5回合): -21.00, 总步数: 750756
2025-10-31 20:10:05,528 - INFO - 进程 0 - 回合 225: 奖励 = -20.00, 平均奖励 (最近5回合): -20.40, 总步数: 751019
2025-10-31 20:10:06,352 - INFO - 模型已保存到: ./A3CModels/a3c_model_PongNoFrameskip-v4_step_751964.pth
2025-10-31 20:10:07,998 - INFO - 进程 1 - 回合 225: 奖励 = -20.00, 平均奖励 (最近5回合): -20.00, 总步数: 753895
2025-10-31 20:10:12,699 - INFO - 进程 3 - 回合 225: 奖励 = -20.00, 平均奖励 (最近5回合): -20.20, 总步数: 759363
2025-10-31 20:10:16,368 - INFO - 模型已保存到: ./A3CModels/a3c_model_PongNoFrameskip-v4_step_763607.pth
2025-10-31 20:10:18,864 - INFO - 进程 0 - 回合 230: 奖励 = -21.00, 平均奖励 (最近5回合): -21.00, 总步数: 766486
2025-10-31 20:10:19,026 - INFO - 进程 2 - 回合 230: 奖励 = -21.00, 平均奖励 (最近5回合): -20.80, 总步数: 766672
2025-10-31 20:10:21,817 - INFO - 进程 1 - 回合 230: 奖励 = -21.00, 平均奖励 (最近5回合): -21.00, 总步数: 769773
2025-10-31 20:10:26,379 - INFO - 模型已保存到: ./A3CModels/a3c_model_PongNoFrameskip-v4_step_775160.pth
2025-10-31 20:10:27,015 - INFO - 进程 3 - 回合 230: 奖励 = -20.00, 平均奖励 (最近5回合): -20.80, 总步数: 775909
2025-10-31 20:10:32,138 - INFO - 进程 2 - 回合 235: 奖励 = -21.00, 平均奖励 (最近5回合): -21.00, 总步数: 781980
2025-10-31 20:10:32,217 - INFO - 进程 0 - 回合 235: 奖励 = -21.00, 平均奖励 (最近5回合): -20.80, 总步数: 782073
2025-10-31 20:10:35,974 - INFO - 进程 1 - 回合 235: 奖励 = -21.00, 平均奖励 (最近5回合): -20.40, 总步数: 786340
2025-10-31 20:10:36,391 - INFO - 模型已保存到: ./A3CModels/a3c_model_PongNoFrameskip-v4_step_786795.pth
2025-10-31 20:10:40,994 - INFO - 进程 3 - 回合 235: 奖励 = -21.00, 平均奖励 (最近5回合): -21.00, 总步数: 791564
2025-10-31 20:10:46,104 - INFO - 进程 2 - 回合 240: 奖励 = -21.00, 平均奖励 (最近5回合): -21.00, 总步数: 797375
2025-10-31 20:10:46,401 - INFO - 模型已保存到: ./A3CModels/a3c_model_PongNoFrameskip-v4_step_797703.pth
2025-10-31 20:10:47,319 - INFO - 进程 0 - 回合 240: 奖励 = -20.00, 平均奖励 (最近5回合): -20.60, 总步数: 798745
2025-10-31 20:10:49,880 - INFO - 进程 1 - 回合 240: 奖励 = -21.00, 平均奖励 (最近5回合): -21.00, 总步数: 801669
2025-10-31 20:10:54,783 - INFO - 进程 3 - 回合 240: 奖励 = -21.00, 平均奖励 (最近5回合): -21.00, 总步数: 807082
2025-10-31 20:10:56,410 - INFO - 模型已保存到: ./A3CModels/a3c_model_PongNoFrameskip-v4_step_808911.pth
2025-10-31 20:11:00,615 - INFO - 进程 2 - 回合 245: 奖励 = -20.00, 平均奖励 (最近5回合): -20.80, 总步数: 813717
2025-10-31 20:11:02,496 - INFO - 进程 0 - 回合 245: 奖励 = -21.00, 平均奖励 (最近5回合): -20.60, 总步数: 815467
2025-10-31 20:11:05,228 - INFO - 进程 1 - 回合 245: 奖励 = -21.00, 平均奖励 (最近5回合): -20.80, 总步数: 818224
2025-10-31 20:11:06,427 - INFO - 模型已保存到: ./A3CModels/a3c_model_PongNoFrameskip-v4_step_819390.pth
2025-10-31 20:11:10,020 - INFO - 进程 3 - 回合 245: 奖励 = -21.00, 平均奖励 (最近5回合): -21.00, 总步数: 823553
2025-10-31 20:11:16,217 - INFO - 进程 2 - 回合 250: 奖励 = -20.00, 平均奖励 (最近5回合): -20.60, 总步数: 830764
2025-10-31 20:11:16,443 - INFO - 模型已保存到: ./A3CModels/a3c_model_PongNoFrameskip-v4_step_831018.pth
2025-10-31 20:11:17,893 - INFO - 进程 0 - 回合 250: 奖励 = -20.00, 平均奖励 (最近5回合): -20.40, 总步数: 832702
2025-10-31 20:11:20,534 - INFO - 进程 1 - 回合 250: 奖励 = -20.00, 平均奖励 (最近5回合): -20.60, 总步数: 835755
2025-10-31 20:11:24,831 - INFO - 进程 3 - 回合 250: 奖励 = -21.00, 平均奖励 (最近5回合): -20.60, 总步数: 840630
2025-10-31 20:11:26,459 - INFO - 模型已保存到: ./A3CModels/a3c_model_PongNoFrameskip-v4_step_842338.pth
2025-10-31 20:11:31,123 - INFO - 进程 2 - 回合 255: 奖励 = -21.00, 平均奖励 (最近5回合): -20.60, 总步数: 847529
2025-10-31 20:11:32,766 - INFO - 进程 0 - 回合 255: 奖励 = -20.00, 平均奖励 (最近5回合): -20.80, 总步数: 849272
2025-10-31 20:11:36,476 - INFO - 模型已保存到: ./A3CModels/a3c_model_PongNoFrameskip-v4_step_853462.pth
2025-10-31 20:11:36,693 - INFO - 进程 1 - 回合 255: 奖励 = -20.00, 平均奖励 (最近5回合): -20.60, 总步数: 853721
2025-10-31 20:11:40,499 - INFO - 进程 3 - 回合 255: 奖励 = -21.00, 平均奖励 (最近5回合): -20.40, 总步数: 858114
2025-10-31 20:11:46,493 - INFO - 模型已保存到: ./A3CModels/a3c_model_PongNoFrameskip-v4_step_865073.pth
2025-10-31 20:11:46,655 - INFO - 进程 2 - 回合 260: 奖励 = -21.00, 平均奖励 (最近5回合): -21.00, 总步数: 865274
2025-10-31 20:11:47,648 - INFO - 进程 0 - 回合 260: 奖励 = -21.00, 平均奖励 (最近5回合): -20.80, 总步数: 866430
2025-10-31 20:11:52,376 - INFO - 进程 1 - 回合 260: 奖励 = -21.00, 平均奖励 (最近5回合): -20.60, 总步数: 871804
2025-10-31 20:11:54,679 - INFO - 进程 3 - 回合 260: 奖励 = -21.00, 平均奖励 (最近5回合): -21.00, 总步数: 874444
2025-10-31 20:11:56,510 - INFO - 模型已保存到: ./A3CModels/a3c_model_PongNoFrameskip-v4_step_876573.pth
2025-10-31 20:12:01,085 - INFO - 进程 2 - 回合 265: 奖励 = -20.00, 平均奖励 (最近5回合): -20.80, 总步数: 881960
2025-10-31 20:12:02,436 - INFO - 进程 0 - 回合 265: 奖励 = -21.00, 平均奖励 (最近5回合): -20.40, 总步数: 883549
2025-10-31 20:12:06,015 - INFO - 进程 1 - 回合 265: 奖励 = -21.00, 平均奖励 (最近5回合): -20.80, 总步数: 887653
2025-10-31 20:12:06,521 - INFO - 模型已保存到: ./A3CModels/a3c_model_PongNoFrameskip-v4_step_888233.pth
2025-10-31 20:12:08,178 - INFO - 进程 3 - 回合 265: 奖励 = -21.00, 平均奖励 (最近5回合): -21.00, 总步数: 890213
2025-10-31 20:12:14,075 - INFO - 进程 2 - 回合 270: 奖励 = -21.00, 平均奖励 (最近5回合): -21.00, 总步数: 897208
2025-10-31 20:12:15,544 - INFO - 进程 0 - 回合 270: 奖励 = -21.00, 平均奖励 (最近5回合): -21.00, 总步数: 898961
2025-10-31 20:12:16,533 - INFO - 模型已保存到: ./A3CModels/a3c_model_PongNoFrameskip-v4_step_900076.pth
2025-10-31 20:12:19,061 - INFO - 进程 1 - 回合 270: 奖励 = -21.00, 平均奖励 (最近5回合): -21.00, 总步数: 902986
2025-10-31 20:12:21,347 - INFO - 进程 3 - 回合 270: 奖励 = -21.00, 平均奖励 (最近5回合): -21.00, 总步数: 905538
2025-10-31 20:12:26,550 - INFO - 模型已保存到: ./A3CModels/a3c_model_PongNoFrameskip-v4_step_911566.pth
2025-10-31 20:12:28,020 - INFO - 进程 2 - 回合 275: 奖励 = -21.00, 平均奖励 (最近5回合): -21.00, 总步数: 913272
2025-10-31 20:12:28,924 - INFO - 进程 0 - 回合 275: 奖励 = -21.00, 平均奖励 (最近5回合): -21.00, 总步数: 914283
2025-10-31 20:12:33,076 - INFO - 进程 1 - 回合 275: 奖励 = -21.00, 平均奖励 (最近5回合): -21.00, 总步数: 919020
2025-10-31 20:12:34,949 - INFO - 进程 3 - 回合 275: 奖励 = -21.00, 平均奖励 (最近5回合): -21.00, 总步数: 921217
2025-10-31 20:12:36,561 - INFO - 模型已保存到: ./A3CModels/a3c_model_PongNoFrameskip-v4_step_922929.pth
2025-10-31 20:12:42,695 - INFO - 进程 2 - 回合 280: 奖励 = -20.00, 平均奖励 (最近5回合): -20.40, 总步数: 930192
2025-10-31 20:12:44,470 - INFO - 进程 0 - 回合 280: 奖励 = -21.00, 平均奖励 (最近5回合): -20.40, 总步数: 932291
2025-10-31 20:12:46,573 - INFO - 模型已保存到: ./A3CModels/a3c_model_PongNoFrameskip-v4_step_934713.pth
2025-10-31 20:12:48,315 - INFO - 进程 1 - 回合 280: 奖励 = -21.00, 平均奖励 (最近5回合): -20.60, 总步数: 936730
2025-10-31 20:12:49,325 - INFO - 进程 3 - 回合 280: 奖励 = -21.00, 平均奖励 (最近5回合): -21.00, 总步数: 937898
2025-10-31 20:12:56,583 - INFO - 模型已保存到: ./A3CModels/a3c_model_PongNoFrameskip-v4_step_946120.pth
2025-10-31 20:12:57,679 - INFO - 进程 2 - 回合 285: 奖励 = -21.00, 平均奖励 (最近5回合): -20.60, 总步数: 947420
2025-10-31 20:12:59,600 - INFO - 进程 0 - 回合 285: 奖励 = -21.00, 平均奖励 (最近5回合): -20.60, 总步数: 949669
2025-10-31 20:13:02,304 - INFO - 进程 1 - 回合 285: 奖励 = -21.00, 平均奖励 (最近5回合): -21.00, 总步数: 952830
2025-10-31 20:13:04,142 - INFO - 进程 3 - 回合 285: 奖励 = -21.00, 平均奖励 (最近5回合): -20.60, 总步数: 954965
2025-10-31 20:13:06,600 - INFO - 模型已保存到: ./A3CModels/a3c_model_PongNoFrameskip-v4_step_957664.pth
2025-10-31 20:13:12,052 - INFO - 进程 2 - 回合 290: 奖励 = -21.00, 平均奖励 (最近5回合): -20.80, 总步数: 963998
2025-10-31 20:13:14,476 - INFO - 进程 0 - 回合 290: 奖励 = -21.00, 平均奖励 (最近5回合): -20.60, 总步数: 966791
2025-10-31 20:13:16,484 - INFO - 进程 1 - 回合 290: 奖励 = -21.00, 平均奖励 (最近5回合): -21.00, 总步数: 969040
2025-10-31 20:13:16,616 - INFO - 模型已保存到: ./A3CModels/a3c_model_PongNoFrameskip-v4_step_969172.pth
2025-10-31 20:13:18,473 - INFO - 进程 3 - 回合 290: 奖励 = -20.00, 平均奖励 (最近5回合): -20.80, 总步数: 971322
2025-10-31 20:13:26,615 - INFO - 进程 2 - 回合 295: 奖励 = -20.00, 平均奖励 (最近5回合): -20.80, 总步数: 980438
2025-10-31 20:13:26,628 - INFO - 模型已保存到: ./A3CModels/a3c_model_PongNoFrameskip-v4_step_980450.pth
2025-10-31 20:13:29,100 - INFO - 进程 0 - 回合 295: 奖励 = -21.00, 平均奖励 (最近5回合): -20.80, 总步数: 983266
2025-10-31 20:13:31,405 - INFO - 进程 1 - 回合 295: 奖励 = -21.00, 平均奖励 (最近5回合): -20.80, 总步数: 985847
2025-10-31 20:13:32,822 - INFO - 进程 3 - 回合 295: 奖励 = -21.00, 平均奖励 (最近5回合): -20.80, 总步数: 987488
2025-10-31 20:13:36,644 - INFO - 模型已保存到: ./A3CModels/a3c_model_PongNoFrameskip-v4_step_991690.pth
2025-10-31 20:13:41,632 - INFO - 进程 2 - 回合 300: 奖励 = -21.00, 平均奖励 (最近5回合): -20.80, 总步数: 997434
2025-10-31 20:13:43,926 - INFO - 进程 0 - 回合 300: 奖励 = -21.00, 平均奖励 (最近5回合): -21.00, 总步数: 1000020
2025-10-31 20:13:46,470 - INFO - 进程 1 - 回合 300: 奖励 = -21.00, 平均奖励 (最近5回合): -20.60, 总步数: 1002877
2025-10-31 20:13:46,659 - INFO - 模型已保存到: ./A3CModels/a3c_model_PongNoFrameskip-v4_step_1003080.pth
2025-10-31 20:13:48,056 - INFO - 进程 3 - 回合 300: 奖励 = -21.00, 平均奖励 (最近5回合): -20.80, 总步数: 1004667
2025-10-31 20:13:51,675 - INFO - 模型已保存到: ./A3CModels/a3c_model_PongNoFrameskip-v4_checkpoint_step_1008659.pth
2025-10-31 20:13:55,966 - INFO - 进程 2 - 回合 305: 奖励 = -21.00, 平均奖励 (最近5回合): -20.80, 总步数: 1013672
2025-10-31 20:13:56,687 - INFO - 模型已保存到: ./A3CModels/a3c_model_PongNoFrameskip-v4_step_1014495.pth
2025-10-31 20:13:58,237 - INFO - 进程 0 - 回合 305: 奖励 = -20.00, 平均奖励 (最近5回合): -20.80, 总步数: 1016267
2025-10-31 20:14:00,494 - INFO - 进程 1 - 回合 305: 奖励 = -21.00, 平均奖励 (最近5回合): -21.00, 总步数: 1018834
2025-10-31 20:14:02,577 - INFO - 进程 3 - 回合 305: 奖励 = -20.00, 平均奖励 (最近5回合): -20.80, 总步数: 1021216
2025-10-31 20:14:06,698 - INFO - 模型已保存到: ./A3CModels/a3c_model_PongNoFrameskip-v4_step_1025843.pth
2025-10-31 20:14:10,235 - INFO - 进程 2 - 回合 310: 奖励 = -21.00, 平均奖励 (最近5回合): -21.00, 总步数: 1029964
2025-10-31 20:14:12,662 - INFO - 进程 0 - 回合 310: 奖励 = -21.00, 平均奖励 (最近5回合): -20.80, 总步数: 1032788
2025-10-31 20:14:15,081 - INFO - 进程 1 - 回合 310: 奖励 = -21.00, 平均奖励 (最近5回合): -20.60, 总步数: 1035564
2025-10-31 20:14:16,574 - INFO - 进程 3 - 回合 310: 奖励 = -21.00, 平均奖励 (最近5回合): -21.00, 总步数: 1037311
2025-10-31 20:14:16,709 - INFO - 模型已保存到: ./A3CModels/a3c_model_PongNoFrameskip-v4_step_1037461.pth
2025-10-31 20:14:24,768 - INFO - 进程 2 - 回合 315: 奖励 = -21.00, 平均奖励 (最近5回合): -20.60, 总步数: 1046757
2025-10-31 20:14:26,725 - INFO - 模型已保存到: ./A3CModels/a3c_model_PongNoFrameskip-v4_step_1049042.pth
2025-10-31 20:14:27,170 - INFO - 进程 0 - 回合 315: 奖励 = -21.00, 平均奖励 (最近5回合): -20.60, 总步数: 1049578
2025-10-31 20:14:29,223 - INFO - 进程 1 - 回合 315: 奖励 = -21.00, 平均奖励 (最近5回合): -21.00, 总步数: 1051996
2025-10-31 20:14:30,882 - INFO - 进程 3 - 回合 315: 奖励 = -20.00, 平均奖励 (最近5回合): -20.60, 总步数: 1053892
2025-10-31 20:14:36,741 - INFO - 模型已保存到: ./A3CModels/a3c_model_PongNoFrameskip-v4_step_1060538.pth
2025-10-31 20:14:39,062 - INFO - 进程 2 - 回合 320: 奖励 = -20.00, 平均奖励 (最近5回合): -20.80, 总步数: 1063250
2025-10-31 20:14:41,209 - INFO - 进程 0 - 回合 320: 奖励 = -20.00, 平均奖励 (最近5回合): -20.60, 总步数: 1065764
2025-10-31 20:14:43,557 - INFO - 进程 1 - 回合 320: 奖励 = -21.00, 平均奖励 (最近5回合): -20.80, 总步数: 1068464
2025-10-31 20:14:45,059 - INFO - 进程 3 - 回合 320: 奖励 = -21.00, 平均奖励 (最近5回合): -21.00, 总步数: 1070213
2025-10-31 20:14:46,758 - INFO - 模型已保存到: ./A3CModels/a3c_model_PongNoFrameskip-v4_step_1072166.pth
2025-10-31 20:14:53,002 - INFO - 进程 2 - 回合 325: 奖励 = -21.00, 平均奖励 (最近5回合): -20.80, 总步数: 1079304
2025-10-31 20:14:55,400 - INFO - 进程 0 - 回合 325: 奖励 = -21.00, 平均奖励 (最近5回合): -20.60, 总步数: 1082029
2025-10-31 20:14:56,775 - INFO - 模型已保存到: ./A3CModels/a3c_model_PongNoFrameskip-v4_step_1083585.pth
2025-10-31 20:14:57,992 - INFO - 进程 1 - 回合 325: 奖励 = -21.00, 平均奖励 (最近5回合): -20.60, 总步数: 1085001
2025-10-31 20:14:59,095 - INFO - 进程 3 - 回合 325: 奖励 = -21.00, 平均奖励 (最近5回合): -20.80, 总步数: 1086263
2025-10-31 20:15:06,785 - INFO - 模型已保存到: ./A3CModels/a3c_model_PongNoFrameskip-v4_step_1094984.pth
2025-10-31 20:15:07,682 - INFO - 进程 2 - 回合 330: 奖励 = -20.00, 平均奖励 (最近5回合): -20.40, 总步数: 1096030
2025-10-31 20:15:10,098 - INFO - 进程 0 - 回合 330: 奖励 = -20.00, 平均奖励 (最近5回合): -20.60, 总步数: 1098840
2025-10-31 20:15:12,197 - INFO - 进程 1 - 回合 330: 奖励 = -21.00, 平均奖励 (最近5回合): -20.80, 总步数: 1101267
2025-10-31 20:15:13,804 - INFO - 进程 3 - 回合 330: 奖励 = -21.00, 平均奖励 (最近5回合): -20.60, 总步数: 1103122
2025-10-31 20:15:16,802 - INFO - 模型已保存到: ./A3CModels/a3c_model_PongNoFrameskip-v4_step_1106466.pth
2025-10-31 20:15:22,561 - INFO - 进程 2 - 回合 335: 奖励 = -19.00, 平均奖励 (最近5回合): -20.40, 总步数: 1112745
2025-10-31 20:15:25,001 - INFO - 进程 0 - 回合 335: 奖励 = -20.00, 平均奖励 (最近5回合): -20.40, 总步数: 1115477
2025-10-31 20:15:26,819 - INFO - 模型已保存到: ./A3CModels/a3c_model_PongNoFrameskip-v4_step_1117444.pth
2025-10-31 20:15:27,228 - INFO - 进程 1 - 回合 335: 奖励 = -20.00, 平均奖励 (最近5回合): -20.40, 总步数: 1117898
2025-10-31 20:15:29,046 - INFO - 进程 3 - 回合 335: 奖励 = -20.00, 平均奖励 (最近5回合): -20.60, 总步数: 1119892
2025-10-31 20:15:36,830 - INFO - 模型已保存到: ./A3CModels/a3c_model_PongNoFrameskip-v4_step_1128461.pth
2025-10-31 20:15:37,803 - INFO - 进程 2 - 回合 340: 奖励 = -21.00, 平均奖励 (最近5回合): -20.40, 总步数: 1129541
2025-10-31 20:15:40,285 - INFO - 进程 0 - 回合 340: 奖励 = -21.00, 平均奖励 (最近5回合): -20.60, 总步数: 1132316
2025-10-31 20:15:42,612 - INFO - 进程 1 - 回合 340: 奖励 = -21.00, 平均奖励 (最近5回合): -20.80, 总步数: 1134811
2025-10-31 20:15:44,409 - INFO - 进程 3 - 回合 340: 奖励 = -21.00, 平均奖励 (最近5回合): -20.80, 总步数: 1136789
2025-10-31 20:15:46,847 - INFO - 模型已保存到: ./A3CModels/a3c_model_PongNoFrameskip-v4_step_1139479.pth
2025-10-31 20:15:53,767 - INFO - 进程 2 - 回合 345: 奖励 = -21.00, 平均奖励 (最近5回合): -21.00, 总步数: 1147106
2025-10-31 20:15:55,262 - INFO - 进程 0 - 回合 345: 奖励 = -20.00, 平均奖励 (最近5回合): -20.80, 总步数: 1148777
2025-10-31 20:15:56,864 - INFO - 模型已保存到: ./A3CModels/a3c_model_PongNoFrameskip-v4_step_1150551.pth
2025-10-31 20:15:58,254 - INFO - 进程 1 - 回合 345: 奖励 = -21.00, 平均奖励 (最近5回合): -21.00, 总步数: 1152113
2025-10-31 20:15:59,147 - INFO - 进程 3 - 回合 345: 奖励 = -21.00, 平均奖励 (最近5回合): -21.00, 总步数: 1153095
2025-10-31 20:16:06,875 - INFO - 模型已保存到: ./A3CModels/a3c_model_PongNoFrameskip-v4_step_1161624.pth
2025-10-31 20:16:09,131 - INFO - 进程 2 - 回合 350: 奖励 = -20.00, 平均奖励 (最近5回合): -20.60, 总步数: 1164137
2025-10-31 20:16:10,628 - INFO - 进程 0 - 回合 350: 奖励 = -20.00, 平均奖励 (最近5回合): -20.80, 总步数: 1165800
2025-10-31 20:16:13,644 - INFO - 进程 1 - 回合 350: 奖励 = -20.00, 平均奖励 (最近5回合): -20.40, 总步数: 1169153
2025-10-31 20:16:14,071 - INFO - 进程 3 - 回合 350: 奖励 = -21.00, 平均奖励 (最近5回合): -20.80, 总步数: 1169616
2025-10-31 20:16:16,886 - INFO - 模型已保存到: ./A3CModels/a3c_model_PongNoFrameskip-v4_step_1172721.pth
2025-10-31 20:16:25,717 - INFO - 进程 2 - 回合 355: 奖励 = -21.00, 平均奖励 (最近5回合): -20.60, 总步数: 1182470
2025-10-31 20:16:26,900 - INFO - 模型已保存到: ./A3CModels/a3c_model_PongNoFrameskip-v4_step_1183779.pth
2025-10-31 20:16:27,434 - INFO - 进程 0 - 回合 355: 奖励 = -20.00, 平均奖励 (最近5回合): -20.40, 总步数: 1184377
2025-10-31 20:16:29,256 - INFO - 进程 1 - 回合 355: 奖励 = -20.00, 平均奖励 (最近5回合): -20.20, 总步数: 1186409
2025-10-31 20:16:31,564 - INFO - 进程 3 - 回合 355: 奖励 = -19.00, 平均奖励 (最近5回合): -19.80, 总步数: 1188993
2025-10-31 20:16:31,564 - INFO - 🎯 进程 3 开始学习! 平均奖励: -19.80
2025-10-31 20:16:36,911 - INFO - 模型已保存到: ./A3CModels/a3c_model_PongNoFrameskip-v4_step_1194880.pth
2025-10-31 20:16:41,909 - INFO - 进程 2 - 回合 360: 奖励 = -20.00, 平均奖励 (最近5回合): -20.20, 总步数: 1200477
2025-10-31 20:16:45,235 - INFO - 进程 0 - 回合 360: 奖励 = -18.00, 平均奖励 (最近5回合): -19.80, 总步数: 1204192
2025-10-31 20:16:45,235 - INFO - 🎯 进程 0 开始学习! 平均奖励: -19.80
2025-10-31 20:16:45,947 - INFO - 进程 1 - 回合 360: 奖励 = -20.00, 平均奖励 (最近5回合): -20.40, 总步数: 1204980
2025-10-31 20:16:46,923 - INFO - 模型已保存到: ./A3CModels/a3c_model_PongNoFrameskip-v4_step_1206067.pth
2025-10-31 20:16:47,957 - INFO - 进程 3 - 回合 360: 奖励 = -21.00, 平均奖励 (最近5回合): -20.20, 总步数: 1207252
2025-10-31 20:16:56,934 - INFO - 模型已保存到: ./A3CModels/a3c_model_PongNoFrameskip-v4_step_1217219.pth
2025-10-31 20:16:57,017 - INFO - 进程 2 - 回合 365: 奖励 = -21.00, 平均奖励 (最近5回合): -21.00, 总步数: 1217318
2025-10-31 20:17:00,927 - INFO - 进程 0 - 回合 365: 奖励 = -20.00, 平均奖励 (最近5回合): -20.40, 总步数: 1221684
2025-10-31 20:17:02,249 - INFO - 进程 1 - 回合 365: 奖励 = -20.00, 平均奖励 (最近5回合): -20.40, 总步数: 1223166
2025-10-31 20:17:04,711 - INFO - 进程 3 - 回合 365: 奖励 = -19.00, 平均奖励 (最近5回合): -19.80, 总步数: 1225919
2025-10-31 20:17:04,712 - INFO - 🎯 进程 3 开始学习! 平均奖励: -19.80
2025-10-31 20:17:06,950 - INFO - 模型已保存到: ./A3CModels/a3c_model_PongNoFrameskip-v4_step_1228319.pth
2025-10-31 20:17:15,526 - INFO - 进程 2 - 回合 370: 奖励 = -20.00, 平均奖励 (最近5回合): -19.20, 总步数: 1237826
2025-10-31 20:17:15,526 - INFO - 🎯 进程 2 开始学习! 平均奖励: -19.20
2025-10-31 20:17:16,630 - INFO - 进程 0 - 回合 370: 奖励 = -20.00, 平均奖励 (最近5回合): -20.80, 总步数: 1239025
2025-10-31 20:17:16,868 - INFO - 进程 1 - 回合 370: 奖励 = -21.00, 平均奖励 (最近5回合): -20.80, 总步数: 1239282
2025-10-31 20:17:16,961 - INFO - 模型已保存到: ./A3CModels/a3c_model_PongNoFrameskip-v4_step_1239376.pth
2025-10-31 20:17:20,248 - INFO - 进程 3 - 回合 370: 奖励 = -21.00, 平均奖励 (最近5回合): -20.60, 总步数: 1243051
2025-10-31 20:17:26,977 - INFO - 模型已保存到: ./A3CModels/a3c_model_PongNoFrameskip-v4_step_1250470.pth
2025-10-31 20:17:30,437 - INFO - 进程 2 - 回合 375: 奖励 = -20.00, 平均奖励 (最近5回合): -20.20, 总步数: 1254520
2025-10-31 20:17:31,401 - INFO - 进程 0 - 回合 375: 奖励 = -21.00, 平均奖励 (最近5回合): -20.80, 总步数: 1255677
2025-10-31 20:17:31,998 - INFO - 进程 1 - 回合 375: 奖励 = -20.00, 平均奖励 (最近5回合): -20.40, 总步数: 1256383
2025-10-31 20:17:34,900 - INFO - 进程 3 - 回合 375: 奖励 = -21.00, 平均奖励 (最近5回合): -20.40, 总步数: 1259815
2025-10-31 20:17:36,988 - INFO - 模型已保存到: ./A3CModels/a3c_model_PongNoFrameskip-v4_step_1262143.pth
2025-10-31 20:17:45,134 - INFO - 进程 2 - 回合 380: 奖励 = -20.00, 平均奖励 (最近5回合): -20.40, 总步数: 1271484
2025-10-31 20:17:45,822 - INFO - 进程 0 - 回合 380: 奖励 = -20.00, 平均奖励 (最近5回合): -20.40, 总步数: 1272172
2025-10-31 20:17:46,320 - INFO - 进程 1 - 回合 380: 奖励 = -21.00, 平均奖励 (最近5回合): -20.60, 总步数: 1272750
2025-10-31 20:17:47,000 - INFO - 模型已保存到: ./A3CModels/a3c_model_PongNoFrameskip-v4_step_1273477.pth
2025-10-31 20:17:49,165 - INFO - 进程 3 - 回合 380: 奖励 = -21.00, 平均奖励 (最近5回合): -20.80, 总步数: 1276036
2025-10-31 20:17:57,012 - INFO - 模型已保存到: ./A3CModels/a3c_model_PongNoFrameskip-v4_step_1285323.pth
2025-10-31 20:18:00,403 - INFO - 进程 1 - 回合 385: 奖励 = -21.00, 平均奖励 (最近5回合): -20.80, 总步数: 1289322
2025-10-31 20:18:00,620 - INFO - 进程 0 - 回合 385: 奖励 = -20.00, 平均奖励 (最近5回合): -20.00, 总步数: 1289575
2025-10-31 20:18:00,818 - INFO - 进程 2 - 回合 385: 奖励 = -19.00, 平均奖励 (最近5回合): -20.00, 总步数: 1289808
2025-10-31 20:18:03,884 - INFO - 进程 3 - 回合 385: 奖励 = -21.00, 平均奖励 (最近5回合): -20.20, 总步数: 1293364
2025-10-31 20:18:07,028 - INFO - 模型已保存到: ./A3CModels/a3c_model_PongNoFrameskip-v4_step_1297025.pth
2025-10-31 20:18:16,489 - INFO - 进程 2 - 回合 390: 奖励 = -19.00, 平均奖励 (最近5回合): -20.00, 总步数: 1308247
2025-10-31 20:18:17,044 - INFO - 模型已保存到: ./A3CModels/a3c_model_PongNoFrameskip-v4_step_1308893.pth
2025-10-31 20:18:17,233 - INFO - 进程 0 - 回合 390: 奖励 = -19.00, 平均奖励 (最近5回合): -19.80, 总步数: 1309130
2025-10-31 20:18:17,233 - INFO - 🎯 进程 0 开始学习! 平均奖励: -19.80
2025-10-31 20:18:17,278 - INFO - 进程 1 - 回合 390: 奖励 = -19.00, 平均奖励 (最近5回合): -19.20, 总步数: 1309182
2025-10-31 20:18:17,278 - INFO - 🎯 进程 1 开始学习! 平均奖励: -19.20
2025-10-31 20:18:20,561 - INFO - 进程 3 - 回合 390: 奖励 = -19.00, 平均奖励 (最近5回合): -19.40, 总步数: 1313096
2025-10-31 20:18:20,561 - INFO - 🎯 进程 3 开始学习! 平均奖励: -19.40
2025-10-31 20:18:27,060 - INFO - 模型已保存到: ./A3CModels/a3c_model_PongNoFrameskip-v4_step_1320726.pth
2025-10-31 20:18:31,766 - INFO - 进程 2 - 回合 395: 奖励 = -20.00, 平均奖励 (最近5回合): -19.80, 总步数: 1326200
2025-10-31 20:18:31,766 - INFO - 🎯 进程 2 开始学习! 平均奖励: -19.80
2025-10-31 20:18:32,693 - INFO - 进程 0 - 回合 395: 奖励 = -18.00, 平均奖励 (最近5回合): -19.80, 总步数: 1327303
2025-10-31 20:18:32,694 - INFO - 🎯 进程 0 开始学习! 平均奖励: -19.80
2025-10-31 20:18:33,580 - INFO - 进程 1 - 回合 395: 奖励 = -21.00, 平均奖励 (最近5回合): -19.80, 总步数: 1328351
2025-10-31 20:18:33,580 - INFO - 🎯 进程 1 开始学习! 平均奖励: -19.80
2025-10-31 20:18:36,355 - INFO - 进程 3 - 回合 395: 奖励 = -20.00, 平均奖励 (最近5回合): -20.20, 总步数: 1331577
2025-10-31 20:18:37,076 - INFO - 模型已保存到: ./A3CModels/a3c_model_PongNoFrameskip-v4_step_1332412.pth
2025-10-31 20:18:46,347 - INFO - 进程 2 - 回合 400: 奖励 = -21.00, 平均奖励 (最近5回合): -20.40, 总步数: 1343502
2025-10-31 20:18:47,092 - INFO - 模型已保存到: ./A3CModels/a3c_model_PongNoFrameskip-v4_step_1344368.pth
2025-10-31 20:18:47,504 - INFO - 进程 0 - 回合 400: 奖励 = -21.00, 平均奖励 (最近5回合): -20.20, 总步数: 1344876
2025-10-31 20:18:47,625 - INFO - 进程 1 - 回合 400: 奖励 = -21.00, 平均奖励 (最近5回合): -20.60, 总步数: 1345011
2025-10-31 20:18:50,401 - INFO - 进程 3 - 回合 400: 奖励 = -21.00, 平均奖励 (最近5回合): -20.60, 总步数: 1348293
2025-10-31 20:18:57,103 - INFO - 模型已保存到: ./A3CModels/a3c_model_PongNoFrameskip-v4_step_1356197.pth
2025-10-31 20:19:00,175 - INFO - 进程 2 - 回合 405: 奖励 = -20.00, 平均奖励 (最近5回合): -20.60, 总步数: 1359915
2025-10-31 20:19:01,126 - INFO - 进程 0 - 回合 405: 奖励 = -20.00, 平均奖励 (最近5回合): -20.80, 总步数: 1361060
2025-10-31 20:19:02,558 - INFO - 进程 1 - 回合 405: 奖励 = -20.00, 平均奖励 (最近5回合): -19.80, 总步数: 1362742
2025-10-31 20:19:02,559 - INFO - 🎯 进程 1 开始学习! 平均奖励: -19.80
2025-10-31 20:19:04,501 - INFO - 进程 3 - 回合 405: 奖励 = -20.00, 平均奖励 (最近5回合): -20.40, 总步数: 1365035
2025-10-31 20:19:07,119 - INFO - 模型已保存到: ./A3CModels/a3c_model_PongNoFrameskip-v4_step_1368079.pth
2025-10-31 20:19:14,339 - INFO - 进程 2 - 回合 410: 奖励 = -20.00, 平均奖励 (最近5回合): -20.40, 总步数: 1376518
2025-10-31 20:19:15,201 - INFO - 进程 0 - 回合 410: 奖励 = -21.00, 平均奖励 (最近5回合): -20.40, 总步数: 1377535
2025-10-31 20:19:16,748 - INFO - 进程 1 - 回合 410: 奖励 = -20.00, 平均奖励 (最近5回合): -20.80, 总步数: 1379378
2025-10-31 20:19:17,128 - INFO - 模型已保存到: ./A3CModels/a3c_model_PongNoFrameskip-v4_step_1379825.pth
2025-10-31 20:19:18,587 - INFO - 进程 3 - 回合 410: 奖励 = -21.00, 平均奖励 (最近5回合): -20.80, 总步数: 1381544
2025-10-31 20:19:27,139 - INFO - 模型已保存到: ./A3CModels/a3c_model_PongNoFrameskip-v4_step_1391367.pth
2025-10-31 20:19:28,919 - INFO - 进程 2 - 回合 415: 奖励 = -21.00, 平均奖励 (最近5回合): -20.80, 总步数: 1393385
2025-10-31 20:19:29,647 - INFO - 进程 0 - 回合 415: 奖励 = -20.00, 平均奖励 (最近5回合): -20.40, 总步数: 1394204
2025-10-31 20:19:31,068 - INFO - 进程 1 - 回合 415: 奖励 = -21.00, 平均奖励 (最近5回合): -20.80, 总步数: 1395832
2025-10-31 20:19:33,064 - INFO - 进程 3 - 回合 415: 奖励 = -21.00, 平均奖励 (最近5回合): -20.80, 总步数: 1398092
2025-10-31 20:19:37,285 - INFO - 模型已保存到: ./A3CModels/a3c_model_PongNoFrameskip-v4_step_1402698.pth
2025-10-31 20:19:43,922 - INFO - 进程 2 - 回合 420: 奖励 = -21.00, 平均奖励 (最近5回合): -20.60, 总步数: 1410418
2025-10-31 20:19:44,551 - INFO - 进程 0 - 回合 420: 奖励 = -21.00, 平均奖励 (最近5回合): -20.60, 总步数: 1411137
2025-10-31 20:19:45,440 - INFO - 进程 1 - 回合 420: 奖励 = -21.00, 平均奖励 (最近5回合): -21.00, 总步数: 1412129
2025-10-31 20:19:47,301 - INFO - 模型已保存到: ./A3CModels/a3c_model_PongNoFrameskip-v4_step_1414241.pth
2025-10-31 20:19:47,771 - INFO - 进程 3 - 回合 420: 奖励 = -20.00, 平均奖励 (最近5回合): -20.80, 总步数: 1414780
2025-10-31 20:19:57,312 - INFO - 模型已保存到: ./A3CModels/a3c_model_PongNoFrameskip-v4_step_1425634.pth
2025-10-31 20:19:58,431 - INFO - 进程 2 - 回合 425: 奖励 = -20.00, 平均奖励 (最近5回合): -20.80, 总步数: 1426935
2025-10-31 20:19:59,268 - INFO - 进程 0 - 回合 425: 奖励 = -21.00, 平均奖励 (最近5回合): -20.60, 总步数: 1427903
2025-10-31 20:19:59,886 - INFO - 进程 1 - 回合 425: 奖励 = -21.00, 平均奖励 (最近5回合): -20.60, 总步数: 1428620
2025-10-31 20:20:02,070 - INFO - 进程 3 - 回合 425: 奖励 = -21.00, 平均奖励 (最近5回合): -21.00, 总步数: 1431171
2025-10-31 20:20:07,329 - INFO - 模型已保存到: ./A3CModels/a3c_model_PongNoFrameskip-v4_step_1437280.pth
2025-10-31 20:20:12,323 - INFO - 进程 2 - 回合 430: 奖励 = -20.00, 平均奖励 (最近5回合): -20.80, 总步数: 1443180
2025-10-31 20:20:13,386 - INFO - 进程 0 - 回合 430: 奖励 = -21.00, 平均奖励 (最近5回合): -20.60, 总步数: 1444431
2025-10-31 20:20:14,384 - INFO - 进程 1 - 回合 430: 奖励 = -20.00, 平均奖励 (最近5回合): -20.60, 总步数: 1445580
2025-10-31 20:20:16,739 - INFO - 进程 3 - 回合 430: 奖励 = -20.00, 平均奖励 (最近5回合): -20.20, 总步数: 1448326
2025-10-31 20:20:17,345 - INFO - 模型已保存到: ./A3CModels/a3c_model_PongNoFrameskip-v4_step_1449031.pth
2025-10-31 20:20:26,563 - INFO - 进程 2 - 回合 435: 奖励 = -21.00, 平均奖励 (最近5回合): -20.80, 总步数: 1459632
2025-10-31 20:20:27,356 - INFO - 模型已保存到: ./A3CModels/a3c_model_PongNoFrameskip-v4_step_1460523.pth
2025-10-31 20:20:27,480 - INFO - 进程 0 - 回合 435: 奖励 = -21.00, 平均奖励 (最近5回合): -21.00, 总步数: 1460671
2025-10-31 20:20:28,559 - INFO - 进程 1 - 回合 435: 奖励 = -21.00, 平均奖励 (最近5回合): -21.00, 总步数: 1461891
2025-10-31 20:20:30,984 - INFO - 进程 3 - 回合 435: 奖励 = -20.00, 平均奖励 (最近5回合): -20.80, 总步数: 1464619
2025-10-31 20:20:37,369 - INFO - 模型已保存到: ./A3CModels/a3c_model_PongNoFrameskip-v4_step_1471634.pth
2025-10-31 20:20:42,952 - INFO - 进程 0 - 回合 440: 奖励 = -20.00, 平均奖励 (最近5回合): -20.60, 总步数: 1477591
2025-10-31 20:20:43,534 - INFO - 进程 2 - 回合 440: 奖励 = -21.00, 平均奖励 (最近5回合): -20.00, 总步数: 1478202
2025-10-31 20:20:44,863 - INFO - 进程 1 - 回合 440: 奖励 = -19.00, 平均奖励 (最近5回合): -20.40, 总步数: 1479656
2025-10-31 20:20:46,056 - INFO - 进程 3 - 回合 440: 奖励 = -21.00, 平均奖励 (最近5回合): -20.60, 总步数: 1480939
2025-10-31 20:20:47,378 - INFO - 模型已保存到: ./A3CModels/a3c_model_PongNoFrameskip-v4_step_1482356.pth
2025-10-31 20:20:57,390 - INFO - 模型已保存到: ./A3CModels/a3c_model_PongNoFrameskip-v4_step_1493259.pth
2025-10-31 20:20:59,326 - INFO - 进程 0 - 回合 445: 奖励 = -21.00, 平均奖励 (最近5回合): -20.40, 总步数: 1495380
2025-10-31 20:21:03,411 - INFO - 进程 2 - 回合 445: 奖励 = -20.00, 平均奖励 (最近5回合): -19.80, 总步数: 1499827
2025-10-31 20:21:03,411 - INFO - 🎯 进程 2 开始学习! 平均奖励: -19.80
2025-10-31 20:21:03,438 - INFO - 进程 3 - 回合 445: 奖励 = -20.00, 平均奖励 (最近5回合): -20.40, 总步数: 1499851
2025-10-31 20:21:05,069 - INFO - 进程 1 - 回合 445: 奖励 = -19.00, 平均奖励 (最近5回合): -19.20, 总步数: 1501620
2025-10-31 20:21:05,069 - INFO - 🎯 进程 1 开始学习! 平均奖励: -19.20
2025-10-31 20:21:07,407 - INFO - 模型已保存到: ./A3CModels/a3c_model_PongNoFrameskip-v4_step_1504123.pth
2025-10-31 20:21:12,423 - INFO - 模型已保存到: ./A3CModels/a3c_model_PongNoFrameskip-v4_checkpoint_step_1509594.pth
2025-10-31 20:21:16,162 - INFO - 进程 0 - 回合 450: 奖励 = -20.00, 平均奖励 (最近5回合): -20.00, 总步数: 1513680
2025-10-31 20:21:17,440 - INFO - 模型已保存到: ./A3CModels/a3c_model_PongNoFrameskip-v4_step_1515045.pth
2025-10-31 20:21:20,235 - INFO - 进程 2 - 回合 450: 奖励 = -20.00, 平均奖励 (最近5回合): -20.00, 总步数: 1518061
2025-10-31 20:21:21,223 - INFO - 进程 3 - 回合 450: 奖励 = -20.00, 平均奖励 (最近5回合): -20.20, 总步数: 1519142
2025-10-31 20:21:23,142 - INFO - 进程 1 - 回合 450: 奖励 = -17.00, 平均奖励 (最近5回合): -19.40, 总步数: 1521229
2025-10-31 20:21:23,142 - INFO - 🎯 进程 1 开始学习! 平均奖励: -19.40
2025-10-31 20:21:27,452 - INFO - 模型已保存到: ./A3CModels/a3c_model_PongNoFrameskip-v4_step_1525910.pth
2025-10-31 20:21:32,607 - INFO - 进程 0 - 回合 455: 奖励 = -21.00, 平均奖励 (最近5回合): -20.00, 总步数: 1531529
2025-10-31 20:21:35,573 - INFO - 进程 2 - 回合 455: 奖励 = -21.00, 平均奖励 (最近5回合): -21.00, 总步数: 1534781
2025-10-31 20:21:37,463 - INFO - 模型已保存到: ./A3CModels/a3c_model_PongNoFrameskip-v4_step_1536813.pth
2025-10-31 20:21:38,552 - INFO - 进程 3 - 回合 455: 奖励 = -20.00, 平均奖励 (最近5回合): -19.60, 总步数: 1538000
2025-10-31 20:21:38,552 - INFO - 🎯 进程 3 开始学习! 平均奖励: -19.60
2025-10-31 20:21:39,878 - INFO - 进程 1 - 回合 455: 奖励 = -20.00, 平均奖励 (最近5回合): -20.00, 总步数: 1539454
2025-10-31 20:21:47,475 - INFO - 模型已保存到: ./A3CModels/a3c_model_PongNoFrameskip-v4_step_1547765.pth
2025-10-31 20:21:48,504 - INFO - 进程 0 - 回合 460: 奖励 = -21.00, 平均奖励 (最近5回合): -20.60, 总步数: 1548892
2025-10-31 20:21:51,928 - INFO - 进程 2 - 回合 460: 奖励 = -21.00, 平均奖励 (最近5回合): -20.40, 总步数: 1552636
2025-10-31 20:21:55,411 - INFO - 进程 3 - 回合 460: 奖励 = -21.00, 平均奖励 (最近5回合): -20.40, 总步数: 1556439
2025-10-31 20:21:56,421 - INFO - 进程 1 - 回合 460: 奖励 = -21.00, 平均奖励 (最近5回合): -20.00, 总步数: 1557520
2025-10-31 20:21:57,492 - INFO - 模型已保存到: ./A3CModels/a3c_model_PongNoFrameskip-v4_step_1558685.pth
2025-10-31 20:22:04,650 - INFO - 进程 0 - 回合 465: 奖励 = -20.00, 平均奖励 (最近5回合): -20.40, 总步数: 1566455
2025-10-31 20:22:07,451 - INFO - 进程 2 - 回合 465: 奖励 = -20.00, 平均奖励 (最近5回合): -20.60, 总步数: 1569585
2025-10-31 20:22:07,503 - INFO - 模型已保存到: ./A3CModels/a3c_model_PongNoFrameskip-v4_step_1569638.pth
2025-10-31 20:22:10,805 - INFO - 进程 3 - 回合 465: 奖励 = -20.00, 平均奖励 (最近5回合): -20.20, 总步数: 1573227
2025-10-31 20:22:11,660 - INFO - 进程 1 - 回合 465: 奖励 = -21.00, 平均奖励 (最近5回合): -20.60, 总步数: 1574163
2025-10-31 20:22:17,514 - INFO - 模型已保存到: ./A3CModels/a3c_model_PongNoFrameskip-v4_step_1580465.pth
2025-10-31 20:22:20,055 - INFO - 进程 0 - 回合 470: 奖励 = -21.00, 平均奖励 (最近5回合): -20.60, 总步数: 1583237
2025-10-31 20:22:24,531 - INFO - 进程 2 - 回合 470: 奖励 = -20.00, 平均奖励 (最近5回合): -19.60, 总步数: 1588078
2025-10-31 20:22:24,531 - INFO - 🎯 进程 2 开始学习! 平均奖励: -19.60
2025-10-31 20:22:25,861 - INFO - 进程 3 - 回合 470: 奖励 = -21.00, 平均奖励 (最近5回合): -20.80, 总步数: 1589530
2025-10-31 20:22:27,525 - INFO - 模型已保存到: ./A3CModels/a3c_model_PongNoFrameskip-v4_step_1591339.pth
2025-10-31 20:22:28,151 - INFO - 进程 1 - 回合 470: 奖励 = -21.00, 平均奖励 (最近5回合): -20.60, 总步数: 1592027
2025-10-31 20:22:36,009 - INFO - 进程 0 - 回合 475: 奖励 = -21.00, 平均奖励 (最近5回合): -20.40, 总步数: 1600586
2025-10-31 20:22:37,537 - INFO - 模型已保存到: ./A3CModels/a3c_model_PongNoFrameskip-v4_step_1602257.pth
2025-10-31 20:22:41,647 - INFO - 进程 2 - 回合 475: 奖励 = -20.00, 平均奖励 (最近5回合): -20.00, 总步数: 1606739
2025-10-31 20:22:43,478 - INFO - 进程 3 - 回合 475: 奖励 = -19.00, 平均奖励 (最近5回合): -19.80, 总步数: 1608727
2025-10-31 20:22:43,478 - INFO - 🎯 进程 3 开始学习! 平均奖励: -19.80
2025-10-31 20:22:43,991 - INFO - 进程 1 - 回合 475: 奖励 = -20.00, 平均奖励 (最近5回合): -20.40, 总步数: 1609275
2025-10-31 20:22:47,549 - INFO - 模型已保存到: ./A3CModels/a3c_model_PongNoFrameskip-v4_step_1613080.pth
2025-10-31 20:22:53,262 - INFO - 进程 0 - 回合 480: 奖励 = -20.00, 平均奖励 (最近5回合): -19.80, 总步数: 1619235
2025-10-31 20:22:53,262 - INFO - 🎯 进程 0 开始学习! 平均奖励: -19.80
2025-10-31 20:22:57,565 - INFO - 模型已保存到: ./A3CModels/a3c_model_PongNoFrameskip-v4_step_1623983.pth
2025-10-31 20:22:58,316 - INFO - 进程 2 - 回合 480: 奖励 = -20.00, 平均奖励 (最近5回合): -20.40, 总步数: 1624833
2025-10-31 20:22:59,272 - INFO - 进程 3 - 回合 480: 奖励 = -19.00, 平均奖励 (最近5回合): -20.20, 总步数: 1625881
2025-10-31 20:22:59,601 - INFO - 进程 1 - 回合 480: 奖励 = -21.00, 平均奖励 (最近5回合): -20.60, 总步数: 1626232
2025-10-31 20:23:07,581 - INFO - 模型已保存到: ./A3CModels/a3c_model_PongNoFrameskip-v4_step_1635583.pth
2025-10-31 20:23:07,641 - INFO - 进程 0 - 回合 485: 奖励 = -21.00, 平均奖励 (最近5回合): -20.40, 总步数: 1635664
2025-10-31 20:23:13,301 - INFO - 进程 2 - 回合 485: 奖励 = -20.00, 平均奖励 (最近5回合): -20.40, 总步数: 1642213
2025-10-31 20:23:14,110 - INFO - 进程 1 - 回合 485: 奖励 = -21.00, 平均奖励 (最近5回合): -20.60, 总步数: 1643141
2025-10-31 20:23:14,328 - INFO - 进程 3 - 回合 485: 奖励 = -21.00, 平均奖励 (最近5回合): -20.60, 总步数: 1643397
2025-10-31 20:23:17,593 - INFO - 模型已保存到: ./A3CModels/a3c_model_PongNoFrameskip-v4_step_1647172.pth
2025-10-31 20:23:22,763 - INFO - 进程 0 - 回合 490: 奖励 = -21.00, 平均奖励 (最近5回合): -20.40, 总步数: 1653174
2025-10-31 20:23:27,605 - INFO - 模型已保存到: ./A3CModels/a3c_model_PongNoFrameskip-v4_step_1658768.pth
2025-10-31 20:23:29,315 - INFO - 进程 2 - 回合 490: 奖励 = -21.00, 平均奖励 (最近5回合): -20.00, 总步数: 1660767
2025-10-31 20:23:29,837 - INFO - 进程 1 - 回合 490: 奖励 = -21.00, 平均奖励 (最近5回合): -19.80, 总步数: 1661374
2025-10-31 20:23:29,838 - INFO - 🎯 进程 1 开始学习! 平均奖励: -19.80
2025-10-31 20:23:31,085 - INFO - 进程 3 - 回合 490: 奖励 = -21.00, 平均奖励 (最近5回合): -20.20, 总步数: 1662814
2025-10-31 20:23:37,620 - INFO - 模型已保存到: ./A3CModels/a3c_model_PongNoFrameskip-v4_step_1670386.pth
2025-10-31 20:23:40,681 - INFO - 进程 0 - 回合 495: 奖励 = -21.00, 平均奖励 (最近5回合): -19.80, 总步数: 1673934
2025-10-31 20:23:40,681 - INFO - 🎯 进程 0 开始学习! 平均奖励: -19.80
2025-10-31 20:23:44,828 - INFO - 进程 2 - 回合 495: 奖励 = -18.00, 平均奖励 (最近5回合): -19.80, 总步数: 1678692
2025-10-31 20:23:44,828 - INFO - 🎯 进程 2 开始学习! 平均奖励: -19.80
2025-10-31 20:23:46,311 - INFO - 进程 1 - 回合 495: 奖励 = -19.00, 平均奖励 (最近5回合): -20.00, 总步数: 1680416
2025-10-31 20:23:47,376 - INFO - 进程 3 - 回合 495: 奖励 = -18.00, 平均奖励 (最近5回合): -19.80, 总步数: 1681639
2025-10-31 20:23:47,377 - INFO - 🎯 进程 3 开始学习! 平均奖励: -19.80
2025-10-31 20:23:47,638 - INFO - 模型已保存到: ./A3CModels/a3c_model_PongNoFrameskip-v4_step_1681921.pth
2025-10-31 20:23:55,329 - INFO - 进程 0 - 回合 500: 奖励 = -21.00, 平均奖励 (最近5回合): -20.60, 总步数: 1690853
2025-10-31 20:23:57,649 - INFO - 模型已保存到: ./A3CModels/a3c_model_PongNoFrameskip-v4_step_1693559.pth
2025-10-31 20:23:59,326 - INFO - 进程 2 - 回合 500: 奖励 = -21.00, 平均奖励 (最近5回合): -20.60, 总步数: 1695516
2025-10-31 20:24:01,664 - INFO - 进程 1 - 回合 500: 奖励 = -21.00, 平均奖励 (最近5回合): -20.80, 总步数: 1698246
2025-10-31 20:24:03,704 - INFO - 进程 3 - 回合 500: 奖励 = -21.00, 平均奖励 (最近5回合): -20.60, 总步数: 1700616
2025-10-31 20:24:07,665 - INFO - 模型已保存到: ./A3CModels/a3c_model_PongNoFrameskip-v4_step_1705171.pth
2025-10-31 20:24:10,001 - INFO - 进程 0 - 回合 505: 奖励 = -21.00, 平均奖励 (最近5回合): -20.60, 总步数: 1707891
2025-10-31 20:24:14,147 - INFO - 进程 2 - 回合 505: 奖励 = -20.00, 平均奖励 (最近5回合): -20.60, 总步数: 1712697
2025-10-31 20:24:16,262 - INFO - 进程 1 - 回合 505: 奖励 = -21.00, 平均奖励 (最近5回合): -20.40, 总步数: 1715173
2025-10-31 20:24:17,682 - INFO - 模型已保存到: ./A3CModels/a3c_model_PongNoFrameskip-v4_step_1716812.pth
2025-10-31 20:24:18,886 - INFO - 进程 3 - 回合 505: 奖励 = -21.00, 平均奖励 (最近5回合): -20.60, 总步数: 1718250
2025-10-31 20:24:25,048 - INFO - 进程 0 - 回合 510: 奖励 = -21.00, 平均奖励 (最近5回合): -20.60, 总步数: 1725377
2025-10-31 20:24:27,699 - INFO - 模型已保存到: ./A3CModels/a3c_model_PongNoFrameskip-v4_step_1728423.pth
2025-10-31 20:24:28,713 - INFO - 进程 2 - 回合 510: 奖励 = -21.00, 平均奖励 (最近5回合): -20.60, 总步数: 1729611
2025-10-31 20:24:30,428 - INFO - 进程 1 - 回合 510: 奖励 = -21.00, 平均奖励 (最近5回合): -21.00, 总步数: 1731599
2025-10-31 20:24:33,287 - INFO - 进程 3 - 回合 510: 奖励 = -21.00, 平均奖励 (最近5回合): -20.40, 总步数: 1734966
2025-10-31 20:24:37,711 - INFO - 模型已保存到: ./A3CModels/a3c_model_PongNoFrameskip-v4_step_1740144.pth
2025-10-31 20:24:40,383 - INFO - 进程 0 - 回合 515: 奖励 = -20.00, 平均奖励 (最近5回合): -20.20, 总步数: 1743281
2025-10-31 20:24:42,860 - INFO - 进程 2 - 回合 515: 奖励 = -20.00, 平均奖励 (最近5回合): -20.60, 总步数: 1746224
2025-10-31 20:24:44,294 - INFO - 进程 1 - 回合 515: 奖励 = -20.00, 平均奖励 (最近5回合): -20.80, 总步数: 1747912
2025-10-31 20:24:47,420 - INFO - 进程 3 - 回合 515: 奖励 = -21.00, 平均奖励 (最近5回合): -20.60, 总步数: 1751595
2025-10-31 20:24:47,727 - INFO - 模型已保存到: ./A3CModels/a3c_model_PongNoFrameskip-v4_step_1751946.pth
2025-10-31 20:24:54,321 - INFO - 进程 0 - 回合 520: 奖励 = -21.00, 平均奖励 (最近5回合): -20.80, 总步数: 1759782
2025-10-31 20:24:56,260 - INFO - 进程 2 - 回合 520: 奖励 = -21.00, 平均奖励 (最近5回合): -20.80, 总步数: 1762101
2025-10-31 20:24:57,743 - INFO - 模型已保存到: ./A3CModels/a3c_model_PongNoFrameskip-v4_step_1763871.pth
2025-10-31 20:24:58,209 - INFO - 进程 1 - 回合 520: 奖励 = -21.00, 平均奖励 (最近5回合): -20.60, 总步数: 1764447
2025-10-31 20:25:01,469 - INFO - 进程 3 - 回合 520: 奖励 = -21.00, 平均奖励 (最近5回合): -20.60, 总步数: 1768339
2025-10-31 20:25:07,762 - INFO - 模型已保存到: ./A3CModels/a3c_model_PongNoFrameskip-v4_step_1775541.pth
2025-10-31 20:25:08,435 - INFO - 进程 0 - 回合 525: 奖励 = -20.00, 平均奖励 (最近5回合): -20.80, 总步数: 1776310
2025-10-31 20:25:10,641 - INFO - 进程 2 - 回合 525: 奖励 = -21.00, 平均奖励 (最近5回合): -20.80, 总步数: 1778784
2025-10-31 20:25:12,961 - INFO - 进程 1 - 回合 525: 奖励 = -20.00, 平均奖励 (最近5回合): -20.60, 总步数: 1781361
2025-10-31 20:25:16,132 - INFO - 进程 3 - 回合 525: 奖励 = -20.00, 平均奖励 (最近5回合): -20.60, 总步数: 1784913
2025-10-31 20:25:17,773 - INFO - 模型已保存到: ./A3CModels/a3c_model_PongNoFrameskip-v4_step_1786767.pth
2025-10-31 20:25:23,143 - INFO - 进程 0 - 回合 530: 奖励 = -21.00, 平均奖励 (最近5回合): -20.40, 总步数: 1792800
2025-10-31 20:25:25,486 - INFO - 进程 2 - 回合 530: 奖励 = -20.00, 平均奖励 (最近5回合): -20.40, 总步数: 1795426
2025-10-31 20:25:27,678 - INFO - 进程 1 - 回合 530: 奖励 = -20.00, 平均奖励 (最近5回合): -20.20, 总步数: 1797885
2025-10-31 20:25:27,790 - INFO - 模型已保存到: ./A3CModels/a3c_model_PongNoFrameskip-v4_step_1798000.pth
2025-10-31 20:25:30,863 - INFO - 进程 3 - 回合 530: 奖励 = -21.00, 平均奖励 (最近5回合): -20.80, 总步数: 1801495
2025-10-31 20:25:37,623 - INFO - 进程 0 - 回合 535: 奖励 = -20.00, 平均奖励 (最近5回合): -20.20, 总步数: 1809554
2025-10-31 20:25:37,807 - INFO - 模型已保存到: ./A3CModels/a3c_model_PongNoFrameskip-v4_step_1809755.pth
2025-10-31 20:25:39,447 - INFO - 进程 2 - 回合 535: 奖励 = -21.00, 平均奖励 (最近5回合): -20.80, 总步数: 1811707
2025-10-31 20:25:41,758 - INFO - 进程 1 - 回合 535: 奖励 = -20.00, 平均奖励 (最近5回合): -20.60, 总步数: 1814439
2025-10-31 20:25:45,232 - INFO - 进程 3 - 回合 535: 奖励 = -21.00, 平均奖励 (最近5回合): -20.20, 总步数: 1818532
2025-10-31 20:25:47,823 - INFO - 模型已保存到: ./A3CModels/a3c_model_PongNoFrameskip-v4_step_1821570.pth
2025-10-31 20:25:51,687 - INFO - 进程 0 - 回合 540: 奖励 = -20.00, 平均奖励 (最近5回合): -20.40, 总步数: 1826093
2025-10-31 20:25:53,387 - INFO - 进程 2 - 回合 540: 奖励 = -21.00, 平均奖励 (最近5回合): -20.40, 总步数: 1828104
2025-10-31 20:25:55,891 - INFO - 进程 1 - 回合 540: 奖励 = -21.00, 平均奖励 (最近5回合): -20.40, 总步数: 1831046
2025-10-31 20:25:57,840 - INFO - 模型已保存到: ./A3CModels/a3c_model_PongNoFrameskip-v4_step_1833299.pth
2025-10-31 20:25:59,299 - INFO - 进程 3 - 回合 540: 奖励 = -21.00, 平均奖励 (最近5回合): -20.60, 总步数: 1835025
2025-10-31 20:26:06,229 - INFO - 进程 0 - 回合 545: 奖励 = -20.00, 平均奖励 (最近5回合): -20.00, 总步数: 1843025
2025-10-31 20:26:07,445 - INFO - 进程 2 - 回合 545: 奖励 = -20.00, 平均奖励 (最近5回合): -20.40, 总步数: 1844456
2025-10-31 20:26:07,853 - INFO - 模型已保存到: ./A3CModels/a3c_model_PongNoFrameskip-v4_step_1844908.pth
2025-10-31 20:26:09,858 - INFO - 进程 1 - 回合 545: 奖励 = -20.00, 平均奖励 (最近5回合): -20.40, 总步数: 1847291
2025-10-31 20:26:13,323 - INFO - 进程 3 - 回合 545: 奖励 = -21.00, 平均奖励 (最近5回合): -20.60, 总步数: 1851393
2025-10-31 20:26:17,868 - INFO - 模型已保存到: ./A3CModels/a3c_model_PongNoFrameskip-v4_step_1856727.pth
2025-10-31 20:26:20,186 - INFO - 进程 0 - 回合 550: 奖励 = -20.00, 平均奖励 (最近5回合): -20.60, 总步数: 1859475
2025-10-31 20:26:21,655 - INFO - 进程 2 - 回合 550: 奖励 = -20.00, 平均奖励 (最近5回合): -20.40, 总步数: 1861195
2025-10-31 20:26:24,073 - INFO - 进程 1 - 回合 550: 奖励 = -20.00, 平均奖励 (最近5回合): -20.20, 总步数: 1864031
2025-10-31 20:26:27,294 - INFO - 进程 3 - 回合 550: 奖励 = -20.00, 平均奖励 (最近5回合): -20.40, 总步数: 1867824
2025-10-31 20:26:27,880 - INFO - 模型已保存到: ./A3CModels/a3c_model_PongNoFrameskip-v4_step_1868505.pth
2025-10-31 20:26:34,129 - INFO - 进程 0 - 回合 555: 奖励 = -21.00, 平均奖励 (最近5回合): -20.60, 总步数: 1875781
2025-10-31 20:26:36,016 - INFO - 进程 2 - 回合 555: 奖励 = -20.00, 平均奖励 (最近5回合): -20.20, 总步数: 1877998
2025-10-31 20:26:37,895 - INFO - 模型已保存到: ./A3CModels/a3c_model_PongNoFrameskip-v4_step_1880196.pth
2025-10-31 20:26:38,140 - INFO - 进程 1 - 回合 555: 奖励 = -20.00, 平均奖励 (最近5回合): -20.40, 总步数: 1880503
2025-10-31 20:26:41,367 - INFO - 进程 3 - 回合 555: 奖励 = -20.00, 平均奖励 (最近5回合): -20.40, 总步数: 1884361
2025-10-31 20:26:47,911 - INFO - 模型已保存到: ./A3CModels/a3c_model_PongNoFrameskip-v4_step_1892157.pth
2025-10-31 20:26:48,067 - INFO - 进程 0 - 回合 560: 奖励 = -20.00, 平均奖励 (最近5回合): -20.60, 总步数: 1892355
2025-10-31 20:26:50,131 - INFO - 进程 2 - 回合 560: 奖励 = -21.00, 平均奖励 (最近5回合): -20.20, 总步数: 1894806
2025-10-31 20:26:51,895 - INFO - 进程 1 - 回合 560: 奖励 = -20.00, 平均奖励 (最近5回合): -20.60, 总步数: 1896950
2025-10-31 20:26:55,159 - INFO - 进程 3 - 回合 560: 奖励 = -20.00, 平均奖励 (最近5回合): -20.40, 总步数: 1900817
2025-10-31 20:26:57,927 - INFO - 模型已保存到: ./A3CModels/a3c_model_PongNoFrameskip-v4_step_1904105.pth
2025-10-31 20:27:01,903 - INFO - 进程 0 - 回合 565: 奖励 = -21.00, 平均奖励 (最近5回合): -20.60, 总步数: 1908777
2025-10-31 20:27:03,951 - INFO - 进程 2 - 回合 565: 奖励 = -21.00, 平均奖励 (最近5回合): -20.40, 总步数: 1911170
2025-10-31 20:27:06,136 - INFO - 进程 1 - 回合 565: 奖励 = -21.00, 平均奖励 (最近5回合): -20.40, 总步数: 1913736
2025-10-31 20:27:07,944 - INFO - 模型已保存到: ./A3CModels/a3c_model_PongNoFrameskip-v4_step_1915877.pth
2025-10-31 20:27:09,136 - INFO - 进程 3 - 回合 565: 奖励 = -20.00, 平均奖励 (最近5回合): -20.40, 总步数: 1917302
2025-10-31 20:27:15,875 - INFO - 进程 0 - 回合 570: 奖励 = -20.00, 平均奖励 (最近5回合): -20.40, 总步数: 1925265
2025-10-31 20:27:17,960 - INFO - 模型已保存到: ./A3CModels/a3c_model_PongNoFrameskip-v4_step_1927696.pth
2025-10-31 20:27:18,056 - INFO - 进程 2 - 回合 570: 奖励 = -21.00, 平均奖励 (最近5回合): -20.60, 总步数: 1927824
2025-10-31 20:27:20,324 - INFO - 进程 1 - 回合 570: 奖励 = -20.00, 平均奖励 (最近5回合): -20.20, 总步数: 1930546
2025-10-31 20:27:23,202 - INFO - 进程 3 - 回合 570: 奖励 = -20.00, 平均奖励 (最近5回合): -20.40, 总步数: 1934003
2025-10-31 20:27:27,976 - INFO - 模型已保存到: ./A3CModels/a3c_model_PongNoFrameskip-v4_step_1939675.pth
2025-10-31 20:27:29,902 - INFO - 进程 0 - 回合 575: 奖励 = -20.00, 平均奖励 (最近5回合): -20.60, 总步数: 1941980
2025-10-31 20:27:32,122 - INFO - 进程 2 - 回合 575: 奖励 = -20.00, 平均奖励 (最近5回合): -20.20, 总步数: 1944581
2025-10-31 20:27:34,457 - INFO - 进程 1 - 回合 575: 奖励 = -21.00, 平均奖励 (最近5回合): -20.40, 总步数: 1947377
2025-10-31 20:27:37,822 - INFO - 进程 3 - 回合 575: 奖励 = -20.00, 平均奖励 (最近5回合): -20.20, 总步数: 1951396
2025-10-31 20:27:37,992 - INFO - 模型已保存到: ./A3CModels/a3c_model_PongNoFrameskip-v4_step_1951588.pth
2025-10-31 20:27:43,825 - INFO - 进程 0 - 回合 580: 奖励 = -20.00, 平均奖励 (最近5回合): -20.60, 总步数: 1958487
2025-10-31 20:27:46,768 - INFO - 进程 2 - 回合 580: 奖励 = -19.00, 平均奖励 (最近5回合): -20.20, 总步数: 1962001
2025-10-31 20:27:48,008 - INFO - 模型已保存到: ./A3CModels/a3c_model_PongNoFrameskip-v4_step_1963478.pth
2025-10-31 20:27:49,281 - INFO - 进程 1 - 回合 580: 奖励 = -21.00, 平均奖励 (最近5回合): -20.20, 总步数: 1964981
2025-10-31 20:27:52,184 - INFO - 进程 3 - 回合 580: 奖励 = -21.00, 平均奖励 (最近5回合): -20.80, 总步数: 1968451
2025-10-31 20:27:58,024 - INFO - 模型已保存到: ./A3CModels/a3c_model_PongNoFrameskip-v4_step_1975400.pth
2025-10-31 20:27:59,685 - INFO - 进程 0 - 回合 585: 奖励 = -20.00, 平均奖励 (最近5回合): -20.00, 总步数: 1977363
2025-10-31 20:28:02,473 - INFO - 🚀 发现新的最佳模型! 奖励: -15.00
2025-10-31 20:28:02,509 - INFO - 进程 2 - 回合 585: 奖励 = -21.00, 平均奖励 (最近5回合): -20.40, 总步数: 1980690
2025-10-31 20:28:06,042 - INFO - 进程 1 - 回合 585: 奖励 = -19.00, 平均奖励 (最近5回合): -19.20, 总步数: 1984873
2025-10-31 20:28:06,042 - INFO - 🎯 进程 1 开始学习! 平均奖励: -19.20
2025-10-31 20:28:07,759 - INFO - 进程 3 - 回合 585: 奖励 = -21.00, 平均奖励 (最近5回合): -20.20, 总步数: 1986929
2025-10-31 20:28:08,041 - INFO - 模型已保存到: ./A3CModels/a3c_model_PongNoFrameskip-v4_step_1987247.pth
2025-10-31 20:28:14,818 - INFO - 进程 0 - 回合 590: 奖励 = -21.00, 平均奖励 (最近5回合): -20.60, 总步数: 1995281
2025-10-31 20:28:18,057 - INFO - 模型已保存到: ./A3CModels/a3c_model_PongNoFrameskip-v4_step_1999077.pth
2025-10-31 20:28:18,904 - INFO - 进程 2 - 回合 590: 奖励 = -21.00, 平均奖励 (最近5回合): -19.80, 总步数: 2000074
2025-10-31 20:28:18,905 - INFO - 🎯 进程 2 开始学习! 平均奖励: -19.80
2025-10-31 20:28:20,661 - INFO - 进程 1 - 回合 590: 奖励 = -19.00, 平均奖励 (最近5回合): -20.60, 总步数: 2002153
2025-10-31 20:28:23,833 - INFO - 进程 3 - 回合 590: 奖励 = -20.00, 平均奖励 (最近5回合): -20.00, 总步数: 2005943
2025-10-31 20:28:28,073 - INFO - 模型已保存到: ./A3CModels/a3c_model_PongNoFrameskip-v4_checkpoint_step_2010903.pth
2025-10-31 20:28:28,088 - INFO - 模型已保存到: ./A3CModels/a3c_model_PongNoFrameskip-v4_step_2010903.pth
2025-10-31 20:28:30,384 - INFO - 进程 0 - 回合 595: 奖励 = -21.00, 平均奖励 (最近5回合): -20.40, 总步数: 2013658
2025-10-31 20:28:34,208 - INFO - 进程 2 - 回合 595: 奖励 = -21.00, 平均奖励 (最近5回合): -20.40, 总步数: 2018197
2025-10-31 20:28:35,104 - INFO - 进程 1 - 回合 595: 奖励 = -21.00, 平均奖励 (最近5回合): -20.60, 总步数: 2019247
2025-10-31 20:28:38,104 - INFO - 模型已保存到: ./A3CModels/a3c_model_PongNoFrameskip-v4_step_2022821.pth
2025-10-31 20:28:38,708 - INFO - 进程 3 - 回合 595: 奖励 = -21.00, 平均奖励 (最近5回合): -20.40, 总步数: 2023557
2025-10-31 20:28:44,061 - INFO - 进程 0 - 回合 600: 奖励 = -21.00, 平均奖励 (最近5回合): -20.80, 总步数: 2029994
2025-10-31 20:28:48,039 - INFO - 进程 2 - 回合 600: 奖励 = -21.00, 平均奖励 (最近5回合): -20.40, 总步数: 2034697
2025-10-31 20:28:48,120 - INFO - 模型已保存到: ./A3CModels/a3c_model_PongNoFrameskip-v4_step_2034782.pth
2025-10-31 20:28:48,287 - INFO - 进程 1 - 回合 600: 奖励 = -21.00, 平均奖励 (最近5回合): -20.80, 总步数: 2034990
2025-10-31 20:28:52,055 - INFO - 进程 3 - 回合 600: 奖励 = -21.00, 平均奖励 (最近5回合): -20.80, 总步数: 2039422
2025-10-31 20:28:57,071 - INFO - 进程 0 - 回合 605: 奖励 = -21.00, 平均奖励 (最近5回合): -21.00, 总步数: 2045383
2025-10-31 20:28:58,136 - INFO - 模型已保存到: ./A3CModels/a3c_model_PongNoFrameskip-v4_step_2046621.pth
2025-10-31 20:29:00,901 - INFO - 进程 2 - 回合 605: 奖励 = -21.00, 平均奖励 (最近5回合): -21.00, 总步数: 2049899
2025-10-31 20:29:01,189 - INFO - 进程 1 - 回合 605: 奖励 = -21.00, 平均奖励 (最近5回合): -21.00, 总步数: 2050229
2025-10-31 20:29:05,559 - INFO - 进程 3 - 回合 605: 奖励 = -21.00, 平均奖励 (最近5回合): -20.60, 总步数: 2055380
2025-10-31 20:29:08,147 - INFO - 模型已保存到: ./A3CModels/a3c_model_PongNoFrameskip-v4_step_2058446.pth
2025-10-31 20:29:10,139 - INFO - 进程 0 - 回合 610: 奖励 = -21.00, 平均奖励 (最近5回合): -21.00, 总步数: 2060820
2025-10-31 20:29:13,802 - INFO - 进程 2 - 回合 610: 奖励 = -21.00, 平均奖励 (最近5回合): -21.00, 总步数: 2065148
2025-10-31 20:29:14,055 - INFO - 进程 1 - 回合 610: 奖励 = -21.00, 平均奖励 (最近5回合): -21.00, 总步数: 2065447
2025-10-31 20:29:18,163 - INFO - 模型已保存到: ./A3CModels/a3c_model_PongNoFrameskip-v4_step_2070315.pth
2025-10-31 20:29:18,477 - INFO - 进程 3 - 回合 610: 奖励 = -21.00, 平均奖励 (最近5回合): -21.00, 总步数: 2070703
2025-10-31 20:29:23,144 - INFO - 进程 0 - 回合 615: 奖励 = -21.00, 平均奖励 (最近5回合): -21.00, 总步数: 2076248
2025-10-31 20:29:26,593 - INFO - 进程 2 - 回合 615: 奖励 = -21.00, 平均奖励 (最近5回合): -21.00, 总步数: 2080398
2025-10-31 20:29:26,828 - INFO - 进程 1 - 回合 615: 奖励 = -21.00, 平均奖励 (最近5回合): -21.00, 总步数: 2080674
2025-10-31 20:29:28,248 - INFO - 模型已保存到: ./A3CModels/a3c_model_PongNoFrameskip-v4_step_2082355.pth
2025-10-31 20:29:31,508 - INFO - 进程 3 - 回合 615: 奖励 = -21.00, 平均奖励 (最近5回合): -21.00, 总步数: 2086270
2025-10-31 20:29:36,372 - INFO - 进程 0 - 回合 620: 奖励 = -21.00, 平均奖励 (最近5回合): -21.00, 总步数: 2092021
2025-10-31 20:29:38,259 - INFO - 模型已保存到: ./A3CModels/a3c_model_PongNoFrameskip-v4_step_2094271.pth
2025-10-31 20:29:41,083 - INFO - 进程 2 - 回合 620: 奖励 = -21.00, 平均奖励 (最近5回合): -21.00, 总步数: 2097691
2025-10-31 20:29:41,682 - INFO - 进程 1 - 回合 620: 奖励 = -21.00, 平均奖励 (最近5回合): -20.80, 总步数: 2098404
2025-10-31 20:29:46,892 - INFO - 进程 3 - 回合 620: 奖励 = -20.00, 平均奖励 (最近5回合): -20.20, 总步数: 2104637
2025-10-31 20:29:48,270 - INFO - 模型已保存到: ./A3CModels/a3c_model_PongNoFrameskip-v4_step_2106258.pth
2025-10-31 20:29:53,719 - INFO - 进程 0 - 回合 625: 奖励 = -18.00, 平均奖励 (最近5回合): -20.00, 总步数: 2112660
2025-10-31 20:29:57,562 - INFO - 进程 2 - 回合 625: 奖励 = -21.00, 平均奖励 (最近5回合): -20.20, 总步数: 2117269
2025-10-31 20:29:57,586 - INFO - 进程 1 - 回合 625: 奖励 = -19.00, 平均奖励 (最近5回合): -20.00, 总步数: 2117292
2025-10-31 20:29:58,281 - INFO - 模型已保存到: ./A3CModels/a3c_model_PongNoFrameskip-v4_step_2118104.pth
2025-10-31 20:30:01,827 - INFO - 进程 3 - 回合 625: 奖励 = -21.00, 平均奖励 (最近5回合): -20.60, 总步数: 2122187
2025-10-31 20:30:08,292 - INFO - 模型已保存到: ./A3CModels/a3c_model_PongNoFrameskip-v4_step_2129662.pth
2025-10-31 20:30:10,472 - INFO - 进程 0 - 回合 630: 奖励 = -21.00, 平均奖励 (最近5回合): -20.20, 总步数: 2132233
2025-10-31 20:30:13,176 - INFO - 进程 1 - 回合 630: 奖励 = -21.00, 平均奖励 (最近5回合): -20.60, 总步数: 2135338
2025-10-31 20:30:14,959 - INFO - 进程 2 - 回合 630: 奖励 = -21.00, 平均奖励 (最近5回合): -20.00, 总步数: 2137377
2025-10-31 20:30:17,939 - INFO - 进程 3 - 回合 630: 奖励 = -20.00, 平均奖励 (最近5回合): -20.20, 总步数: 2140827
2025-10-31 20:30:18,309 - INFO - 模型已保存到: ./A3CModels/a3c_model_PongNoFrameskip-v4_step_2141243.pth
2025-10-31 20:30:25,686 - INFO - 进程 0 - 回合 635: 奖励 = -21.00, 平均奖励 (最近5回合): -20.80, 总步数: 2149849
2025-10-31 20:30:28,325 - INFO - 模型已保存到: ./A3CModels/a3c_model_PongNoFrameskip-v4_step_2152921.pth
2025-10-31 20:30:29,587 - INFO - 进程 1 - 回合 635: 奖励 = -20.00, 平均奖励 (最近5回合): -20.40, 总步数: 2154415
2025-10-31 20:30:31,412 - INFO - 进程 2 - 回合 635: 奖励 = -20.00, 平均奖励 (最近5回合): -19.80, 总步数: 2156506
2025-10-31 20:30:31,412 - INFO - 🎯 进程 2 开始学习! 平均奖励: -19.80
2025-10-31 20:30:34,231 - INFO - 进程 3 - 回合 635: 奖励 = -21.00, 平均奖励 (最近5回合): -20.40, 总步数: 2159868
2025-10-31 20:30:38,345 - INFO - 模型已保存到: ./A3CModels/a3c_model_PongNoFrameskip-v4_step_2164590.pth
2025-10-31 20:30:41,244 - INFO - 进程 0 - 回合 640: 奖励 = -21.00, 平均奖励 (最近5回合): -20.40, 总步数: 2167837
2025-10-31 20:30:46,465 - INFO - 进程 1 - 回合 640: 奖励 = -20.00, 平均奖励 (最近5回合): -20.20, 总步数: 2173887
2025-10-31 20:30:48,143 - INFO - 进程 2 - 回合 640: 奖励 = -21.00, 平均奖励 (最近5回合): -20.00, 总步数: 2175834
2025-10-31 20:30:48,356 - INFO - 模型已保存到: ./A3CModels/a3c_model_PongNoFrameskip-v4_step_2176083.pth
2025-10-31 20:30:52,073 - INFO - 进程 3 - 回合 640: 奖励 = -20.00, 平均奖励 (最近5回合): -19.80, 总步数: 2180406
2025-10-31 20:30:52,073 - INFO - 🎯 进程 3 开始学习! 平均奖励: -19.80
2025-10-31 20:30:55,945 - INFO - 进程 0 - 回合 645: 奖励 = -21.00, 平均奖励 (最近5回合): -20.80, 总步数: 2184978
2025-10-31 20:30:58,372 - INFO - 模型已保存到: ./A3CModels/a3c_model_PongNoFrameskip-v4_step_2187860.pth
2025-10-31 20:31:02,081 - INFO - 进程 1 - 回合 645: 奖励 = -20.00, 平均奖励 (最近5回合): -20.60, 总步数: 2192197
2025-10-31 20:31:04,661 - INFO - 进程 2 - 回合 645: 奖励 = -19.00, 平均奖励 (最近5回合): -19.60, 总步数: 2195193
2025-10-31 20:31:04,661 - INFO - 🎯 进程 2 开始学习! 平均奖励: -19.60
2025-10-31 20:31:08,383 - INFO - 模型已保存到: ./A3CModels/a3c_model_PongNoFrameskip-v4_step_2199512.pth
2025-10-31 20:31:09,189 - INFO - 进程 3 - 回合 645: 奖励 = -21.00, 平均奖励 (最近5回合): -19.80, 总步数: 2200460
2025-10-31 20:31:09,189 - INFO - 🎯 进程 3 开始学习! 平均奖励: -19.80
2025-10-31 20:31:13,109 - INFO - 进程 0 - 回合 650: 奖励 = -20.00, 平均奖励 (最近5回合): -19.60, 总步数: 2205070
2025-10-31 20:31:13,109 - INFO - 🎯 进程 0 开始学习! 平均奖励: -19.60
2025-10-31 20:31:17,942 - INFO - 进程 1 - 回合 650: 奖励 = -21.00, 平均奖励 (最近5回合): -20.00, 总步数: 2210749
2025-10-31 20:31:18,399 - INFO - 模型已保存到: ./A3CModels/a3c_model_PongNoFrameskip-v4_step_2211279.pth
2025-10-31 20:31:21,393 - INFO - 进程 2 - 回合 650: 奖励 = -18.00, 平均奖励 (最近5回合): -19.80, 总步数: 2214784
2025-10-31 20:31:21,393 - INFO - 🎯 进程 2 开始学习! 平均奖励: -19.80
2025-10-31 20:31:24,424 - INFO - 进程 3 - 回合 650: 奖励 = -20.00, 平均奖励 (最近5回合): -20.40, 总步数: 2218361
2025-10-31 20:31:28,410 - INFO - 模型已保存到: ./A3CModels/a3c_model_PongNoFrameskip-v4_step_2223025.pth
2025-10-31 20:31:29,217 - INFO - 进程 0 - 回合 655: 奖励 = -20.00, 平均奖励 (最近5回合): -20.60, 总步数: 2223952
2025-10-31 20:31:35,289 - INFO - 进程 1 - 回合 655: 奖励 = -18.00, 平均奖励 (最近5回合): -20.00, 总步数: 2230987
2025-10-31 20:31:37,362 - INFO - 进程 2 - 回合 655: 奖励 = -21.00, 平均奖励 (最近5回合): -20.40, 总步数: 2233389
2025-10-31 20:31:38,426 - INFO - 模型已保存到: ./A3CModels/a3c_model_PongNoFrameskip-v4_step_2234641.pth
2025-10-31 20:31:39,680 - INFO - 进程 3 - 回合 655: 奖励 = -21.00, 平均奖励 (最近5回合): -20.40, 总步数: 2236185
2025-10-31 20:31:43,831 - INFO - 进程 0 - 回合 660: 奖励 = -21.00, 平均奖励 (最近5回合): -20.40, 总步数: 2241137
2025-10-31 20:31:48,442 - INFO - 模型已保存到: ./A3CModels/a3c_model_PongNoFrameskip-v4_step_2246612.pth
2025-10-31 20:31:49,428 - INFO - 进程 1 - 回合 660: 奖励 = -21.00, 平均奖励 (最近5回合): -20.60, 总步数: 2247801
2025-10-31 20:31:51,682 - INFO - 进程 2 - 回合 660: 奖励 = -21.00, 平均奖励 (最近5回合): -20.40, 总步数: 2250457
2025-10-31 20:31:53,758 - INFO - 进程 3 - 回合 660: 奖励 = -21.00, 平均奖励 (最近5回合): -20.60, 总步数: 2252906
2025-10-31 20:31:57,759 - INFO - 进程 0 - 回合 665: 奖励 = -21.00, 平均奖励 (最近5回合): -20.80, 总步数: 2257673
2025-10-31 20:31:58,458 - INFO - 模型已保存到: ./A3CModels/a3c_model_PongNoFrameskip-v4_step_2258471.pth
2025-10-31 20:32:03,457 - INFO - 进程 1 - 回合 665: 奖励 = -21.00, 平均奖励 (最近5回合): -20.80, 总步数: 2264360
2025-10-31 20:32:05,886 - INFO - 进程 2 - 回合 665: 奖励 = -21.00, 平均奖励 (最近5回合): -20.60, 总步数: 2267216
2025-10-31 20:32:08,080 - INFO - 进程 3 - 回合 665: 奖励 = -20.00, 平均奖励 (最近5回合): -20.80, 总步数: 2269804
2025-10-31 20:32:08,474 - INFO - 模型已保存到: ./A3CModels/a3c_model_PongNoFrameskip-v4_step_2270261.pth
2025-10-31 20:32:11,833 - INFO - 进程 0 - 回合 670: 奖励 = -21.00, 平均奖励 (最近5回合): -20.60, 总步数: 2274313
2025-10-31 20:32:17,604 - INFO - 进程 1 - 回合 670: 奖励 = -20.00, 平均奖励 (最近5回合): -20.40, 总步数: 2281151
2025-10-31 20:32:18,485 - INFO - 模型已保存到: ./A3CModels/a3c_model_PongNoFrameskip-v4_step_2282203.pth
2025-10-31 20:32:19,712 - INFO - 进程 2 - 回合 670: 奖励 = -21.00, 平均奖励 (最近5回合): -20.80, 总步数: 2283664
2025-10-31 20:32:21,897 - INFO - 进程 3 - 回合 670: 奖励 = -21.00, 平均奖励 (最近5回合): -20.60, 总步数: 2286253
2025-10-31 20:32:25,591 - INFO - 进程 0 - 回合 675: 奖励 = -21.00, 平均奖励 (最近5回合): -21.00, 总步数: 2290608
2025-10-31 20:32:28,498 - INFO - 模型已保存到: ./A3CModels/a3c_model_PongNoFrameskip-v4_step_2293929.pth
2025-10-31 20:32:31,820 - INFO - 进程 1 - 回合 675: 奖励 = -21.00, 平均奖励 (最近5回合): -20.40, 总步数: 2297691
2025-10-31 20:32:34,194 - INFO - 进程 2 - 回合 675: 奖励 = -21.00, 平均奖励 (最近5回合): -20.40, 总步数: 2300296
2025-10-31 20:32:36,570 - INFO - 进程 3 - 回合 675: 奖励 = -20.00, 平均奖励 (最近5回合): -20.40, 总步数: 2302900
2025-10-31 20:32:38,509 - INFO - 模型已保存到: ./A3CModels/a3c_model_PongNoFrameskip-v4_step_2304973.pth
2025-10-31 20:32:40,649 - INFO - 进程 0 - 回合 680: 奖励 = -21.00, 平均奖励 (最近5回合): -20.40, 总步数: 2307303
2025-10-31 20:32:46,894 - INFO - 进程 1 - 回合 680: 奖励 = -21.00, 平均奖励 (最近5回合): -20.20, 总步数: 2314342
2025-10-31 20:32:48,527 - INFO - 模型已保存到: ./A3CModels/a3c_model_PongNoFrameskip-v4_step_2316196.pth
2025-10-31 20:32:50,127 - INFO - 进程 2 - 回合 680: 奖励 = -19.00, 平均奖励 (最近5回合): -20.00, 总步数: 2318003
2025-10-31 20:32:51,561 - INFO - 进程 3 - 回合 680: 奖励 = -20.00, 平均奖励 (最近5回合): -20.40, 总步数: 2319652
2025-10-31 20:32:55,455 - INFO - 进程 0 - 回合 685: 奖励 = -20.00, 平均奖励 (最近5回合): -20.40, 总步数: 2324130
2025-10-31 20:32:58,538 - INFO - 模型已保存到: ./A3CModels/a3c_model_PongNoFrameskip-v4_step_2327595.pth
2025-10-31 20:33:01,523 - INFO - 进程 1 - 回合 685: 奖励 = -20.00, 平均奖励 (最近5回合): -20.80, 总步数: 2331083
2025-10-31 20:33:04,709 - INFO - 进程 2 - 回合 685: 奖励 = -21.00, 平均奖励 (最近5回合): -20.40, 总步数: 2334814
2025-10-31 20:33:06,243 - INFO - 进程 3 - 回合 685: 奖励 = -20.00, 平均奖励 (最近5回合): -20.20, 总步数: 2336556
2025-10-31 20:33:08,555 - INFO - 模型已保存到: ./A3CModels/a3c_model_PongNoFrameskip-v4_step_2339160.pth
2025-10-31 20:33:09,566 - INFO - 进程 0 - 回合 690: 奖励 = -21.00, 平均奖励 (最近5回合): -20.60, 总步数: 2340328
2025-10-31 20:33:16,408 - INFO - 进程 1 - 回合 690: 奖励 = -21.00, 平均奖励 (最近5回合): -20.20, 总步数: 2348195
2025-10-31 20:33:18,572 - INFO - 模型已保存到: ./A3CModels/a3c_model_PongNoFrameskip-v4_step_2350584.pth
2025-10-31 20:33:20,097 - INFO - 进程 2 - 回合 690: 奖励 = -21.00, 平均奖励 (最近5回合): -20.20, 总步数: 2352302
2025-10-31 20:33:20,881 - INFO - 进程 3 - 回合 690: 奖励 = -21.00, 平均奖励 (最近5回合): -20.60, 总步数: 2353171
2025-10-31 20:33:24,904 - INFO - 进程 0 - 回合 695: 奖励 = -19.00, 平均奖励 (最近5回合): -20.20, 总步数: 2357613
2025-10-31 20:33:28,583 - INFO - 模型已保存到: ./A3CModels/a3c_model_PongNoFrameskip-v4_step_2361771.pth
2025-10-31 20:33:32,165 - INFO - 进程 1 - 回合 695: 奖励 = -20.00, 平均奖励 (最近5回合): -20.00, 总步数: 2365852
2025-10-31 20:33:35,640 - INFO - 进程 2 - 回合 695: 奖励 = -21.00, 平均奖励 (最近5回合): -20.40, 总步数: 2369803
2025-10-31 20:33:35,650 - INFO - 进程 3 - 回合 695: 奖励 = -21.00, 平均奖励 (最近5回合): -20.60, 总步数: 2369813
2025-10-31 20:33:38,601 - INFO - 模型已保存到: ./A3CModels/a3c_model_PongNoFrameskip-v4_step_2373167.pth
2025-10-31 20:33:41,547 - INFO - 进程 0 - 回合 700: 奖励 = -20.00, 平均奖励 (最近5回合): -20.40, 总步数: 2376413
2025-10-31 20:33:47,649 - INFO - 进程 1 - 回合 700: 奖励 = -20.00, 平均奖励 (最近5回合): -20.20, 总步数: 2383225
2025-10-31 20:33:48,611 - INFO - 模型已保存到: ./A3CModels/a3c_model_PongNoFrameskip-v4_step_2384295.pth
2025-10-31 20:33:51,480 - INFO - 进程 3 - 回合 700: 奖励 = -20.00, 平均奖励 (最近5回合): -20.20, 总步数: 2387438
2025-10-31 20:33:51,540 - INFO - 进程 2 - 回合 700: 奖励 = -21.00, 平均奖励 (最近5回合): -20.20, 总步数: 2387501
2025-10-31 20:33:56,969 - INFO - 进程 0 - 回合 705: 奖励 = -21.00, 平均奖励 (最近5回合): -20.60, 总步数: 2393559
2025-10-31 20:33:58,624 - INFO - 模型已保存到: ./A3CModels/a3c_model_PongNoFrameskip-v4_step_2395465.pth
2025-10-31 20:34:03,670 - INFO - 进程 1 - 回合 705: 奖励 = -19.00, 平均奖励 (最近5回合): -20.40, 总步数: 2401258
2025-10-31 20:34:07,798 - INFO - 进程 2 - 回合 705: 奖励 = -19.00, 平均奖励 (最近5回合): -19.60, 总步数: 2405962
2025-10-31 20:34:07,798 - INFO - 🎯 进程 2 开始学习! 平均奖励: -19.60
2025-10-31 20:34:08,615 - INFO - 进程 3 - 回合 705: 奖励 = -20.00, 平均奖励 (最近5回合): -19.60, 总步数: 2406870
2025-10-31 20:34:08,615 - INFO - 🎯 进程 3 开始学习! 平均奖励: -19.60
2025-10-31 20:34:08,634 - INFO - 模型已保存到: ./A3CModels/a3c_model_PongNoFrameskip-v4_step_2406884.pth
2025-10-31 20:34:13,156 - INFO - 进程 0 - 回合 710: 奖励 = -20.00, 平均奖励 (最近5回合): -20.20, 总步数: 2412064
2025-10-31 20:34:18,643 - INFO - 模型已保存到: ./A3CModels/a3c_model_PongNoFrameskip-v4_step_2418306.pth
2025-10-31 20:34:19,523 - INFO - 进程 1 - 回合 710: 奖励 = -20.00, 平均奖励 (最近5回合): -20.20, 总步数: 2419332
2025-10-31 20:34:24,927 - INFO - 进程 2 - 回合 710: 奖励 = -21.00, 平均奖励 (最近5回合): -20.00, 总步数: 2425551
2025-10-31 20:34:25,111 - INFO - 进程 3 - 回合 710: 奖励 = -21.00, 平均奖励 (最近5回合): -19.80, 总步数: 2425757
2025-10-31 20:34:25,111 - INFO - 🎯 进程 3 开始学习! 平均奖励: -19.80
2025-10-31 20:34:28,654 - INFO - 模型已保存到: ./A3CModels/a3c_model_PongNoFrameskip-v4_step_2429790.pth
2025-10-31 20:34:29,234 - INFO - 进程 0 - 回合 715: 奖励 = -20.00, 平均奖励 (最近5回合): -20.20, 总步数: 2430450
2025-10-31 20:34:37,102 - INFO - 进程 1 - 回合 715: 奖励 = -20.00, 平均奖励 (最近5回合): -19.80, 总步数: 2439498
2025-10-31 20:34:37,102 - INFO - 🎯 进程 1 开始学习! 平均奖励: -19.80
2025-10-31 20:34:38,666 - INFO - 模型已保存到: ./A3CModels/a3c_model_PongNoFrameskip-v4_step_2441262.pth
2025-10-31 20:34:40,422 - INFO - 进程 3 - 回合 715: 奖励 = -20.00, 平均奖励 (最近5回合): -20.20, 总步数: 2443313
2025-10-31 20:34:42,154 - INFO - 进程 2 - 回合 715: 奖励 = -21.00, 平均奖励 (最近5回合): -20.00, 总步数: 2445288
2025-10-31 20:34:45,252 - INFO - 进程 0 - 回合 720: 奖励 = -19.00, 平均奖励 (最近5回合): -20.00, 总步数: 2448821
2025-10-31 20:34:48,676 - INFO - 模型已保存到: ./A3CModels/a3c_model_PongNoFrameskip-v4_step_2452711.pth
2025-10-31 20:34:53,460 - INFO - 进程 1 - 回合 720: 奖励 = -20.00, 平均奖励 (最近5回合): -20.00, 总步数: 2458205
2025-10-31 20:34:56,245 - INFO - 进程 3 - 回合 720: 奖励 = -21.00, 平均奖励 (最近5回合): -20.60, 总步数: 2461206
2025-10-31 20:34:57,909 - INFO - 进程 2 - 回合 720: 奖励 = -20.00, 平均奖励 (最近5回合): -20.00, 总步数: 2463073
2025-10-31 20:34:58,687 - INFO - 模型已保存到: ./A3CModels/a3c_model_PongNoFrameskip-v4_step_2463963.pth
2025-10-31 20:35:02,594 - INFO - 进程 0 - 回合 725: 奖励 = -20.00, 平均奖励 (最近5回合): -20.00, 总步数: 2468178
2025-10-31 20:35:08,696 - INFO - 模型已保存到: ./A3CModels/a3c_model_PongNoFrameskip-v4_step_2475102.pth
2025-10-31 20:35:09,495 - INFO - 进程 1 - 回合 725: 奖励 = -21.00, 平均奖励 (最近5回合): -20.40, 总步数: 2476031
2025-10-31 20:35:13,873 - INFO - 进程 3 - 回合 725: 奖励 = -21.00, 平均奖励 (最近5回合): -19.20, 总步数: 2481081
2025-10-31 20:35:13,873 - INFO - 🎯 进程 3 开始学习! 平均奖励: -19.20
2025-10-31 20:35:14,656 - INFO - 进程 2 - 回合 725: 奖励 = -21.00, 平均奖励 (最近5回合): -20.20, 总步数: 2481970
2025-10-31 20:35:18,689 - INFO - 进程 0 - 回合 730: 奖励 = -21.00, 平均奖励 (最近5回合): -19.80, 总步数: 2486587
2025-10-31 20:35:18,689 - INFO - 🎯 进程 0 开始学习! 平均奖励: -19.80
2025-10-31 20:35:18,707 - INFO - 模型已保存到: ./A3CModels/a3c_model_PongNoFrameskip-v4_step_2486601.pth
2025-10-31 20:35:25,896 - INFO - 进程 1 - 回合 730: 奖励 = -21.00, 平均奖励 (最近5回合): -19.60, 总步数: 2494942
2025-10-31 20:35:25,896 - INFO - 🎯 进程 1 开始学习! 平均奖励: -19.60
2025-10-31 20:35:28,723 - INFO - 模型已保存到: ./A3CModels/a3c_model_PongNoFrameskip-v4_step_2498166.pth
2025-10-31 20:35:30,297 - INFO - 进程 3 - 回合 730: 奖励 = -18.00, 平均奖励 (最近5回合): -19.60, 总步数: 2499968
2025-10-31 20:35:30,297 - INFO - 🎯 进程 3 开始学习! 平均奖励: -19.60
2025-10-31 20:35:30,930 - INFO - 进程 2 - 回合 730: 奖励 = -21.00, 平均奖励 (最近5回合): -20.40, 总步数: 2500681
2025-10-31 20:35:37,029 - INFO - 进程 0 - 回合 735: 奖励 = -20.00, 平均奖励 (最近5回合): -19.00, 总步数: 2507637
2025-10-31 20:35:37,029 - INFO - 🎯 进程 0 开始学习! 平均奖励: -19.00
2025-10-31 20:35:38,734 - INFO - 模型已保存到: ./A3CModels/a3c_model_PongNoFrameskip-v4_step_2509567.pth
2025-10-31 20:35:42,260 - INFO - 进程 1 - 回合 735: 奖励 = -20.00, 平均奖励 (最近5回合): -20.20, 总步数: 2513495
2025-10-31 20:35:43,746 - INFO - 模型已保存到: ./A3CModels/a3c_model_PongNoFrameskip-v4_checkpoint_step_2515088.pth
2025-10-31 20:35:47,317 - INFO - 进程 3 - 回合 735: 奖励 = -20.00, 平均奖励 (最近5回合): -19.60, 总步数: 2519011
2025-10-31 20:35:47,317 - INFO - 🎯 进程 3 开始学习! 平均奖励: -19.60
2025-10-31 20:35:47,414 - INFO - 进程 2 - 回合 735: 奖励 = -21.00, 平均奖励 (最近5回合): -20.00, 总步数: 2519116
2025-10-31 20:35:48,762 - INFO - 模型已保存到: ./A3CModels/a3c_model_PongNoFrameskip-v4_step_2520596.pth
2025-10-31 20:35:53,662 - INFO - 进程 0 - 回合 740: 奖励 = -20.00, 平均奖励 (最近5回合): -20.20, 总步数: 2525998
2025-10-31 20:35:58,531 - INFO - 进程 1 - 回合 740: 奖励 = -20.00, 平均奖励 (最近5回合): -20.00, 总步数: 2531299
2025-10-31 20:35:58,780 - INFO - 模型已保存到: ./A3CModels/a3c_model_PongNoFrameskip-v4_step_2531554.pth
2025-10-31 20:36:03,999 - INFO - 进程 2 - 回合 740: 奖励 = -21.00, 平均奖励 (最近5回合): -20.00, 总步数: 2537321
2025-10-31 20:36:04,554 - INFO - 进程 3 - 回合 740: 奖励 = -20.00, 平均奖励 (最近5回合): -19.40, 总步数: 2537937
2025-10-31 20:36:04,555 - INFO - 🎯 进程 3 开始学习! 平均奖励: -19.40
2025-10-31 20:36:08,791 - INFO - 模型已保存到: ./A3CModels/a3c_model_PongNoFrameskip-v4_step_2542627.pth
2025-10-31 20:36:08,988 - INFO - 进程 0 - 回合 745: 奖励 = -19.00, 平均奖励 (最近5回合): -20.20, 总步数: 2542850
2025-10-31 20:36:13,767 - INFO - 进程 1 - 回合 745: 奖励 = -20.00, 平均奖励 (最近5回合): -20.20, 总步数: 2548103
2025-10-31 20:36:18,805 - INFO - 模型已保存到: ./A3CModels/a3c_model_PongNoFrameskip-v4_step_2553644.pth
2025-10-31 20:36:20,327 - INFO - 进程 2 - 回合 745: 奖励 = -20.00, 平均奖励 (最近5回合): -20.00, 总步数: 2555365
2025-10-31 20:36:20,406 - INFO - 进程 3 - 回合 745: 奖励 = -21.00, 平均奖励 (最近5回合): -20.20, 总步数: 2555452
2025-10-31 20:36:26,050 - INFO - 进程 0 - 回合 750: 奖励 = -20.00, 平均奖励 (最近5回合): -19.40, 总步数: 2561854
2025-10-31 20:36:26,051 - INFO - 🎯 进程 0 开始学习! 平均奖励: -19.40
2025-10-31 20:36:28,822 - INFO - 模型已保存到: ./A3CModels/a3c_model_PongNoFrameskip-v4_step_2564924.pth
2025-10-31 20:36:29,735 - INFO - 进程 1 - 回合 750: 奖励 = -20.00, 平均奖励 (最近5回合): -20.20, 总步数: 2565962
2025-10-31 20:36:35,687 - INFO - 进程 2 - 回合 750: 奖励 = -21.00, 平均奖励 (最近5回合): -20.20, 总步数: 2572821
2025-10-31 20:36:35,927 - INFO - 进程 3 - 回合 750: 奖励 = -20.00, 平均奖励 (最近5回合): -20.40, 总步数: 2573090
2025-10-31 20:36:38,838 - INFO - 模型已保存到: ./A3CModels/a3c_model_PongNoFrameskip-v4_step_2576455.pth
2025-10-31 20:36:41,140 - INFO - 进程 0 - 回合 755: 奖励 = -20.00, 平均奖励 (最近5回合): -20.60, 总步数: 2579123
2025-10-31 20:36:45,586 - INFO - 进程 1 - 回合 755: 奖励 = -20.00, 平均奖励 (最近5回合): -19.80, 总步数: 2584247
2025-10-31 20:36:45,586 - INFO - 🎯 进程 1 开始学习! 平均奖励: -19.80
2025-10-31 20:36:48,849 - INFO - 模型已保存到: ./A3CModels/a3c_model_PongNoFrameskip-v4_step_2587901.pth
2025-10-31 20:36:51,568 - INFO - 进程 3 - 回合 755: 奖励 = -20.00, 平均奖励 (最近5回合): -20.60, 总步数: 2590831
2025-10-31 20:36:51,886 - INFO - 进程 2 - 回合 755: 奖励 = -21.00, 平均奖励 (最近5回合): -19.60, 总步数: 2591191
2025-10-31 20:36:51,886 - INFO - 🎯 进程 2 开始学习! 平均奖励: -19.60
2025-10-31 20:36:57,802 - INFO - 进程 0 - 回合 760: 奖励 = -20.00, 平均奖励 (最近5回合): -19.60, 总步数: 2597639
2025-10-31 20:36:57,803 - INFO - 🎯 进程 0 开始学习! 平均奖励: -19.60
2025-10-31 20:36:58,860 - INFO - 模型已保存到: ./A3CModels/a3c_model_PongNoFrameskip-v4_step_2598785.pth
2025-10-31 20:37:02,515 - INFO - 进程 1 - 回合 760: 奖励 = -20.00, 平均奖励 (最近5回合): -20.20, 总步数: 2602813
2025-10-31 20:37:07,891 - INFO - 进程 2 - 回合 760: 奖励 = -21.00, 平均奖励 (最近5回合): -20.20, 总步数: 2608815
2025-10-31 20:37:08,690 - INFO - 进程 3 - 回合 760: 奖励 = -21.00, 平均奖励 (最近5回合): -20.20, 总步数: 2609692
2025-10-31 20:37:08,872 - INFO - 模型已保存到: ./A3CModels/a3c_model_PongNoFrameskip-v4_step_2609867.pth
2025-10-31 20:37:13,210 - INFO - 进程 0 - 回合 765: 奖励 = -21.00, 平均奖励 (最近5回合): -20.80, 总步数: 2614552
2025-10-31 20:37:18,831 - INFO - 进程 1 - 回合 765: 奖励 = -20.00, 平均奖励 (最近5回合): -20.60, 总步数: 2620775
2025-10-31 20:37:18,882 - INFO - 模型已保存到: ./A3CModels/a3c_model_PongNoFrameskip-v4_step_2620822.pth
2025-10-31 20:37:24,262 - INFO - 进程 3 - 回合 765: 奖励 = -20.00, 平均奖励 (最近5回合): -20.60, 总步数: 2626788
2025-10-31 20:37:24,693 - INFO - 进程 2 - 回合 765: 奖励 = -21.00, 平均奖励 (最近5回合): -20.40, 总步数: 2627253
2025-10-31 20:37:28,891 - INFO - 模型已保存到: ./A3CModels/a3c_model_PongNoFrameskip-v4_step_2631857.pth
2025-10-31 20:37:29,328 - INFO - 进程 0 - 回合 770: 奖励 = -20.00, 平均奖励 (最近5回合): -20.20, 总步数: 2632342
2025-10-31 20:37:34,533 - INFO - 进程 1 - 回合 770: 奖励 = -20.00, 平均奖励 (最近5回合): -20.60, 总步数: 2638076
2025-10-31 20:37:38,908 - INFO - 模型已保存到: ./A3CModels/a3c_model_PongNoFrameskip-v4_step_2642833.pth
2025-10-31 20:37:41,512 - INFO - 进程 2 - 回合 770: 奖励 = -20.00, 平均奖励 (最近5回合): -19.80, 总步数: 2645735
2025-10-31 20:37:41,550 - INFO - 🎯 进程 2 开始学习! 平均奖励: -19.80
2025-10-31 20:37:41,610 - INFO - 进程 3 - 回合 770: 奖励 = -20.00, 平均奖励 (最近5回合): -20.00, 总步数: 2645837
2025-10-31 20:37:47,012 - INFO - 进程 0 - 回合 775: 奖励 = -21.00, 平均奖励 (最近5回合): -19.60, 总步数: 2651813
2025-10-31 20:37:47,012 - INFO - 🎯 进程 0 开始学习! 平均奖励: -19.60
2025-10-31 20:37:48,925 - INFO - 模型已保存到: ./A3CModels/a3c_model_PongNoFrameskip-v4_step_2653887.pth
2025-10-31 20:37:51,565 - INFO - 进程 1 - 回合 775: 奖励 = -21.00, 平均奖励 (最近5回合): -19.60, 总步数: 2656807
2025-10-31 20:37:51,565 - INFO - 🎯 进程 1 开始学习! 平均奖励: -19.60
2025-10-31 20:37:57,003 - INFO - 进程 3 - 回合 775: 奖励 = -21.00, 平均奖励 (最近5回合): -20.60, 总步数: 2662814
2025-10-31 20:37:58,062 - INFO - 进程 2 - 回合 775: 奖励 = -20.00, 平均奖励 (最近5回合): -20.20, 总步数: 2663961
2025-10-31 20:37:58,942 - INFO - 模型已保存到: ./A3CModels/a3c_model_PongNoFrameskip-v4_step_2664902.pth
2025-10-31 20:38:03,992 - INFO - 进程 0 - 回合 780: 奖励 = -21.00, 平均奖励 (最近5回合): -19.80, 总步数: 2670565
2025-10-31 20:38:03,992 - INFO - 🎯 进程 0 开始学习! 平均奖励: -19.80
2025-10-31 20:38:06,341 - INFO - 进程 1 - 回合 780: 奖励 = -20.00, 平均奖励 (最近5回合): -20.80, 总步数: 2673219
2025-10-31 20:38:08,952 - INFO - 模型已保存到: ./A3CModels/a3c_model_PongNoFrameskip-v4_step_2676166.pth
2025-10-31 20:38:13,295 - INFO - 进程 3 - 回合 780: 奖励 = -21.00, 平均奖励 (最近5回合): -20.20, 总步数: 2681024
2025-10-31 20:38:13,953 - INFO - 进程 2 - 回合 780: 奖励 = -19.00, 平均奖励 (最近5回合): -20.00, 总步数: 2681776
2025-10-31 20:38:18,964 - INFO - 模型已保存到: ./A3CModels/a3c_model_PongNoFrameskip-v4_step_2687448.pth
2025-10-31 20:38:21,078 - INFO - 进程 1 - 回合 785: 奖励 = -20.00, 平均奖励 (最近5回合): -20.40, 总步数: 2689758
2025-10-31 20:38:21,708 - INFO - 进程 0 - 回合 785: 奖励 = -18.00, 平均奖励 (最近5回合): -18.80, 总步数: 2690446
2025-10-31 20:38:21,709 - INFO - 🎯 进程 0 开始学习! 平均奖励: -18.80
2025-10-31 20:38:28,983 - INFO - 模型已保存到: ./A3CModels/a3c_model_PongNoFrameskip-v4_step_2698539.pth
2025-10-31 20:38:29,599 - INFO - 进程 2 - 回合 785: 奖励 = -21.00, 平均奖励 (最近5回合): -20.00, 总步数: 2699255
2025-10-31 20:38:30,174 - INFO - 进程 3 - 回合 785: 奖励 = -21.00, 平均奖励 (最近5回合): -19.80, 总步数: 2699908
2025-10-31 20:38:30,174 - INFO - 🎯 进程 3 开始学习! 平均奖励: -19.80
2025-10-31 20:38:36,124 - INFO - 进程 1 - 回合 790: 奖励 = -20.00, 平均奖励 (最近5回合): -20.80, 总步数: 2706646
2025-10-31 20:38:38,581 - INFO - 进程 0 - 回合 790: 奖励 = -20.00, 平均奖励 (最近5回合): -19.80, 总步数: 2709380
2025-10-31 20:38:38,581 - INFO - 🎯 进程 0 开始学习! 平均奖励: -19.80
2025-10-31 20:38:38,994 - INFO - 模型已保存到: ./A3CModels/a3c_model_PongNoFrameskip-v4_step_2709829.pth
2025-10-31 20:38:45,639 - INFO - 进程 2 - 回合 790: 奖励 = -21.00, 平均奖励 (最近5回合): -20.20, 总步数: 2717344
2025-10-31 20:38:46,970 - INFO - 进程 3 - 回合 790: 奖励 = -20.00, 平均奖励 (最近5回合): -20.40, 总步数: 2718849
2025-10-31 20:38:49,010 - INFO - 模型已保存到: ./A3CModels/a3c_model_PongNoFrameskip-v4_step_2721178.pth
2025-10-31 20:38:51,721 - INFO - 进程 1 - 回合 795: 奖励 = -21.00, 平均奖励 (最近5回合): -20.00, 总步数: 2724366
2025-10-31 20:38:53,466 - INFO - 进程 0 - 回合 795: 奖励 = -20.00, 平均奖励 (最近5回合): -20.80, 总步数: 2726377
2025-10-31 20:38:59,022 - INFO - 模型已保存到: ./A3CModels/a3c_model_PongNoFrameskip-v4_step_2732930.pth
2025-10-31 20:39:00,671 - INFO - 进程 2 - 回合 795: 奖励 = -21.00, 平均奖励 (最近5回合): -20.20, 总步数: 2734794
2025-10-31 20:39:02,735 - INFO - 进程 3 - 回合 795: 奖励 = -19.00, 平均奖励 (最近5回合): -20.40, 总步数: 2737145
2025-10-31 20:39:06,512 - INFO - 进程 1 - 回合 800: 奖励 = -21.00, 平均奖励 (最近5回合): -20.60, 总步数: 2741501
2025-10-31 20:39:08,323 - INFO - 进程 0 - 回合 800: 奖励 = -20.00, 平均奖励 (最近5回合): -20.40, 总步数: 2743532
2025-10-31 20:39:09,038 - INFO - 模型已保存到: ./A3CModels/a3c_model_PongNoFrameskip-v4_step_2744359.pth
2025-10-31 20:39:15,908 - INFO - 进程 2 - 回合 800: 奖励 = -21.00, 平均奖励 (最近5回合): -20.20, 总步数: 2752224
2025-10-31 20:39:18,262 - INFO - 进程 3 - 回合 800: 奖励 = -21.00, 平均奖励 (最近5回合): -20.20, 总步数: 2754902
2025-10-31 20:39:19,054 - INFO - 模型已保存到: ./A3CModels/a3c_model_PongNoFrameskip-v4_step_2755850.pth
2025-10-31 20:39:22,190 - INFO - 进程 1 - 回合 805: 奖励 = -21.00, 平均奖励 (最近5回合): -20.20, 总步数: 2759450
2025-10-31 20:39:25,952 - INFO - 进程 0 - 回合 805: 奖励 = -21.00, 平均奖励 (最近5回合): -19.80, 总步数: 2763796
2025-10-31 20:39:25,952 - INFO - 🎯 进程 0 开始学习! 平均奖励: -19.80
2025-10-31 20:39:29,069 - INFO - 模型已保存到: ./A3CModels/a3c_model_PongNoFrameskip-v4_step_2767478.pth
2025-10-31 20:39:31,018 - INFO - 进程 2 - 回合 805: 奖励 = -21.00, 平均奖励 (最近5回合): -20.40, 总步数: 2769785
2025-10-31 20:39:32,961 - INFO - 进程 3 - 回合 805: 奖励 = -19.00, 平均奖励 (最近5回合): -20.40, 总步数: 2772035
2025-10-31 20:39:38,211 - INFO - 进程 1 - 回合 810: 奖励 = -20.00, 平均奖励 (最近5回合): -20.20, 总步数: 2777847
2025-10-31 20:39:39,080 - INFO - 模型已保存到: ./A3CModels/a3c_model_PongNoFrameskip-v4_step_2778865.pth
2025-10-31 20:39:42,236 - INFO - 进程 0 - 回合 810: 奖励 = -19.00, 平均奖励 (最近5回合): -20.00, 总步数: 2782550
2025-10-31 20:39:46,287 - INFO - 进程 2 - 回合 810: 奖励 = -21.00, 平均奖励 (最近5回合): -20.60, 总步数: 2787273
2025-10-31 20:39:48,585 - INFO - 进程 3 - 回合 810: 奖励 = -21.00, 平均奖励 (最近5回合): -20.00, 总步数: 2789888
2025-10-31 20:39:49,091 - INFO - 模型已保存到: ./A3CModels/a3c_model_PongNoFrameskip-v4_step_2790472.pth
2025-10-31 20:39:54,205 - INFO - 进程 1 - 回合 815: 奖励 = -21.00, 平均奖励 (最近5回合): -20.20, 总步数: 2796431
2025-10-31 20:39:58,991 - INFO - 进程 0 - 回合 815: 奖励 = -19.00, 平均奖励 (最近5回合): -19.80, 总步数: 2801985
2025-10-31 20:39:58,991 - INFO - 🎯 进程 0 开始学习! 平均奖励: -19.80
2025-10-31 20:39:59,102 - INFO - 模型已保存到: ./A3CModels/a3c_model_PongNoFrameskip-v4_step_2802106.pth
2025-10-31 20:40:02,361 - INFO - 进程 2 - 回合 815: 奖励 = -19.00, 平均奖励 (最近5回合): -19.80, 总步数: 2805913
2025-10-31 20:40:02,362 - INFO - 🎯 进程 2 开始学习! 平均奖励: -19.80
2025-10-31 20:40:04,668 - INFO - 进程 3 - 回合 815: 奖励 = -21.00, 平均奖励 (最近5回合): -20.20, 总步数: 2808613
2025-10-31 20:40:09,113 - INFO - 模型已保存到: ./A3CModels/a3c_model_PongNoFrameskip-v4_step_2813690.pth
2025-10-31 20:40:10,298 - INFO - 进程 1 - 回合 820: 奖励 = -20.00, 平均奖励 (最近5回合): -20.00, 总步数: 2815092
2025-10-31 20:40:14,167 - INFO - 进程 0 - 回合 820: 奖励 = -21.00, 平均奖励 (最近5回合): -20.00, 总步数: 2819678
2025-10-31 20:40:17,402 - INFO - 进程 2 - 回合 820: 奖励 = -21.00, 平均奖励 (最近5回合): -20.00, 总步数: 2823456
2025-10-31 20:40:19,129 - INFO - 模型已保存到: ./A3CModels/a3c_model_PongNoFrameskip-v4_step_2825470.pth
2025-10-31 20:40:19,542 - INFO - 进程 3 - 回合 820: 奖励 = -21.00, 平均奖励 (最近5回合): -20.60, 总步数: 2825963
2025-10-31 20:40:26,284 - INFO - 进程 1 - 回合 825: 奖励 = -20.00, 平均奖励 (最近5回合): -20.40, 总步数: 2833671
2025-10-31 20:40:29,146 - INFO - 模型已保存到: ./A3CModels/a3c_model_PongNoFrameskip-v4_step_2836971.pth
2025-10-31 20:40:30,419 - INFO - 进程 0 - 回合 825: 奖励 = -20.00, 平均奖励 (最近5回合): -20.00, 总步数: 2838442
2025-10-31 20:40:33,256 - INFO - 进程 2 - 回合 825: 奖励 = -20.00, 平均奖励 (最近5回合): -20.00, 总步数: 2841813
2025-10-31 20:40:35,642 - INFO - 进程 3 - 回合 825: 奖励 = -20.00, 平均奖励 (最近5回合): -19.60, 总步数: 2844648
2025-10-31 20:40:35,643 - INFO - 🎯 进程 3 开始学习! 平均奖励: -19.60
2025-10-31 20:40:39,162 - INFO - 模型已保存到: ./A3CModels/a3c_model_PongNoFrameskip-v4_step_2848681.pth
2025-10-31 20:40:42,379 - INFO - 进程 1 - 回合 830: 奖励 = -21.00, 平均奖励 (最近5回合): -19.60, 总步数: 2852505
2025-10-31 20:40:42,379 - INFO - 🎯 进程 1 开始学习! 平均奖励: -19.60
2025-10-31 20:40:45,167 - INFO - 进程 0 - 回合 830: 奖励 = -20.00, 平均奖励 (最近5回合): -20.40, 总步数: 2855802
2025-10-31 20:40:47,234 - INFO - 进程 2 - 回合 830: 奖励 = -21.00, 平均奖励 (最近5回合): -20.40, 总步数: 2858262
2025-10-31 20:40:49,172 - INFO - 模型已保存到: ./A3CModels/a3c_model_PongNoFrameskip-v4_step_2860523.pth
2025-10-31 20:40:50,197 - INFO - 进程 3 - 回合 830: 奖励 = -20.00, 平均奖励 (最近5回合): -20.40, 总步数: 2861755
2025-10-31 20:40:56,743 - INFO - 进程 1 - 回合 835: 奖励 = -20.00, 平均奖励 (最近5回合): -20.20, 总步数: 2869343
2025-10-31 20:40:59,188 - INFO - 模型已保存到: ./A3CModels/a3c_model_PongNoFrameskip-v4_step_2872240.pth
2025-10-31 20:40:59,345 - INFO - 进程 0 - 回合 835: 奖励 = -20.00, 平均奖励 (最近5回合): -20.40, 总步数: 2872438
2025-10-31 20:41:01,195 - INFO - 进程 2 - 回合 835: 奖励 = -21.00, 平均奖励 (最近5回合): -20.60, 总步数: 2874678
2025-10-31 20:41:04,150 - INFO - 进程 3 - 回合 835: 奖励 = -20.00, 平均奖励 (最近5回合): -20.80, 总步数: 2878152
2025-10-31 20:41:09,204 - INFO - 模型已保存到: ./A3CModels/a3c_model_PongNoFrameskip-v4_step_2884009.pth
2025-10-31 20:41:10,759 - INFO - 进程 1 - 回合 840: 奖励 = -20.00, 平均奖励 (最近5回合): -20.60, 总步数: 2885865
2025-10-31 20:41:13,080 - INFO - 进程 0 - 回合 840: 奖励 = -21.00, 平均奖励 (最近5回合): -20.80, 总步数: 2888586
2025-10-31 20:41:15,048 - INFO - 进程 2 - 回合 840: 奖励 = -20.00, 平均奖励 (最近5回合): -20.80, 总步数: 2890889
2025-10-31 20:41:18,074 - INFO - 进程 3 - 回合 840: 奖励 = -21.00, 平均奖励 (最近5回合): -21.00, 总步数: 2894446
2025-10-31 20:41:19,220 - INFO - 模型已保存到: ./A3CModels/a3c_model_PongNoFrameskip-v4_step_2895762.pth
2025-10-31 20:41:25,196 - INFO - 进程 1 - 回合 845: 奖励 = -20.00, 平均奖励 (最近5回合): -20.40, 总步数: 2902388
2025-10-31 20:41:27,884 - INFO - 进程 0 - 回合 845: 奖励 = -20.00, 平均奖励 (最近5回合): -20.00, 总步数: 2905508
2025-10-31 20:41:29,205 - INFO - 进程 2 - 回合 845: 奖励 = -20.00, 平均奖励 (最近5回合): -20.60, 总步数: 2907061
2025-10-31 20:41:29,230 - INFO - 模型已保存到: ./A3CModels/a3c_model_PongNoFrameskip-v4_step_2907084.pth
2025-10-31 20:41:32,835 - INFO - 进程 3 - 回合 845: 奖励 = -20.00, 平均奖励 (最近5回合): -20.40, 总步数: 2911332
2025-10-31 20:41:39,240 - INFO - 模型已保存到: ./A3CModels/a3c_model_PongNoFrameskip-v4_step_2918729.pth
2025-10-31 20:41:39,384 - INFO - 进程 1 - 回合 850: 奖励 = -20.00, 平均奖励 (最近5回合): -20.40, 总步数: 2918897
2025-10-31 20:41:42,589 - INFO - 进程 0 - 回合 850: 奖励 = -21.00, 平均奖励 (最近5回合): -20.40, 总步数: 2922516
2025-10-31 20:41:43,742 - INFO - 进程 2 - 回合 850: 奖励 = -20.00, 平均奖励 (最近5回合): -20.20, 总步数: 2923846
2025-10-31 20:41:47,263 - INFO - 进程 3 - 回合 850: 奖励 = -21.00, 平均奖励 (最近5回合): -20.60, 总步数: 2927835
2025-10-31 20:41:49,250 - INFO - 模型已保存到: ./A3CModels/a3c_model_PongNoFrameskip-v4_step_2930162.pth
2025-10-31 20:41:54,097 - INFO - 进程 1 - 回合 855: 奖励 = -20.00, 平均奖励 (最近5回合): -20.40, 总步数: 2935714
2025-10-31 20:41:57,078 - INFO - 进程 0 - 回合 855: 奖励 = -20.00, 平均奖励 (最近5回合): -20.60, 总步数: 2939069
2025-10-31 20:41:57,777 - INFO - 进程 2 - 回合 855: 奖励 = -21.00, 平均奖励 (最近5回合): -20.80, 总步数: 2939879
2025-10-31 20:41:59,267 - INFO - 模型已保存到: ./A3CModels/a3c_model_PongNoFrameskip-v4_step_2941580.pth
2025-10-31 20:42:01,423 - INFO - 进程 3 - 回合 855: 奖励 = -21.00, 平均奖励 (最近5回合): -20.80, 总步数: 2944044
2025-10-31 20:42:08,523 - INFO - 进程 1 - 回合 860: 奖励 = -21.00, 平均奖励 (最近5回合): -20.80, 总步数: 2951920
2025-10-31 20:42:09,276 - INFO - 模型已保存到: ./A3CModels/a3c_model_PongNoFrameskip-v4_step_2952799.pth
2025-10-31 20:42:11,589 - INFO - 进程 0 - 回合 860: 奖励 = -20.00, 平均奖励 (最近5回合): -20.40, 总步数: 2955478
2025-10-31 20:42:12,225 - INFO - 进程 2 - 回合 860: 奖励 = -21.00, 平均奖励 (最近5回合): -20.60, 总步数: 2956182
2025-10-31 20:42:15,691 - INFO - 进程 3 - 回合 860: 奖励 = -20.00, 平均奖励 (最近5回合): -20.60, 总步数: 2960152
2025-10-31 20:42:19,293 - INFO - 模型已保存到: ./A3CModels/a3c_model_PongNoFrameskip-v4_step_2964321.pth
2025-10-31 20:42:23,000 - INFO - 进程 1 - 回合 865: 奖励 = -20.00, 平均奖励 (最近5回合): -20.40, 总步数: 2968450
2025-10-31 20:42:25,988 - INFO - 进程 0 - 回合 865: 奖励 = -21.00, 平均奖励 (最近5回合): -20.60, 总步数: 2971890
2025-10-31 20:42:26,533 - INFO - 进程 2 - 回合 865: 奖励 = -21.00, 平均奖励 (最近5回合): -20.40, 总步数: 2972531
2025-10-31 20:42:29,305 - INFO - 模型已保存到: ./A3CModels/a3c_model_PongNoFrameskip-v4_step_2975720.pth
2025-10-31 20:42:30,131 - INFO - 进程 3 - 回合 865: 奖励 = -20.00, 平均奖励 (最近5回合): -20.20, 总步数: 2976685
2025-10-31 20:42:38,614 - INFO - 进程 1 - 回合 870: 奖励 = -19.00, 平均奖励 (最近5回合): -20.20, 总步数: 2985436
2025-10-31 20:42:39,315 - INFO - 模型已保存到: ./A3CModels/a3c_model_PongNoFrameskip-v4_step_2986249.pth
2025-10-31 20:42:41,157 - INFO - 进程 0 - 回合 870: 奖励 = -20.00, 平均奖励 (最近5回合): -20.60, 总步数: 2988448
2025-10-31 20:42:41,872 - INFO - 进程 2 - 回合 870: 奖励 = -20.00, 平均奖励 (最近5回合): -20.40, 总步数: 2989285
2025-10-31 20:42:45,379 - INFO - 进程 3 - 回合 870: 奖励 = -21.00, 平均奖励 (最近5回合): -20.40, 总步数: 2993395
2025-10-31 20:42:49,331 - INFO - 模型已保存到: ./A3CModels/a3c_model_PongNoFrameskip-v4_step_2998076.pth
2025-10-31 20:42:52,643 - INFO - 进程 1 - 回合 875: 奖励 = -21.00, 平均奖励 (最近5回合): -20.40, 总步数: 3001943
2025-10-31 20:42:55,518 - INFO - 进程 0 - 回合 875: 奖励 = -21.00, 平均奖励 (最近5回合): -20.20, 总步数: 3005195
2025-10-31 20:42:55,638 - INFO - 进程 2 - 回合 875: 奖励 = -21.00, 平均奖励 (最近5回合): -20.80, 总步数: 3005335
2025-10-31 20:42:59,343 - INFO - 模型已保存到: ./A3CModels/a3c_model_PongNoFrameskip-v4_step_3009602.pth
2025-10-31 20:42:59,542 - INFO - 进程 3 - 回合 875: 奖励 = -20.00, 平均奖励 (最近5回合): -20.60, 总步数: 3009841
2025-10-31 20:43:04,353 - INFO - 模型已保存到: ./A3CModels/a3c_model_PongNoFrameskip-v4_checkpoint_step_3015439.pth
2025-10-31 20:43:07,320 - INFO - 进程 1 - 回合 880: 奖励 = -20.00, 平均奖励 (最近5回合): -20.20, 总步数: 3018798
2025-10-31 20:43:09,363 - INFO - 模型已保存到: ./A3CModels/a3c_model_PongNoFrameskip-v4_step_3021035.pth
2025-10-31 20:43:10,149 - INFO - 进程 2 - 回合 880: 奖励 = -21.00, 平均奖励 (最近5回合): -20.40, 总步数: 3021941
2025-10-31 20:43:10,227 - INFO - 进程 0 - 回合 880: 奖励 = -21.00, 平均奖励 (最近5回合): -20.40, 总步数: 3022036
2025-10-31 20:43:13,831 - INFO - 进程 3 - 回合 880: 奖励 = -21.00, 平均奖励 (最近5回合): -20.40, 总步数: 3026302
2025-10-31 20:43:19,374 - INFO - 模型已保存到: ./A3CModels/a3c_model_PongNoFrameskip-v4_step_3032726.pth
2025-10-31 20:43:21,336 - INFO - 进程 1 - 回合 885: 奖励 = -21.00, 平均奖励 (最近5回合): -20.80, 总步数: 3035008
2025-10-31 20:43:24,637 - INFO - 进程 2 - 回合 885: 奖励 = -21.00, 平均奖励 (最近5回合): -20.60, 总步数: 3038507
2025-10-31 20:43:25,304 - INFO - 进程 0 - 回合 885: 奖励 = -20.00, 平均奖励 (最近5回合): -20.20, 总步数: 3039196
2025-10-31 20:43:28,642 - INFO - 进程 3 - 回合 885: 奖励 = -20.00, 平均奖励 (最近5回合): -20.40, 总步数: 3042711
2025-10-31 20:43:29,387 - INFO - 模型已保存到: ./A3CModels/a3c_model_PongNoFrameskip-v4_step_3043497.pth
2025-10-31 20:43:37,341 - INFO - 进程 1 - 回合 890: 奖励 = -20.00, 平均奖励 (最近5回合): -20.60, 总步数: 3051870
2025-10-31 20:43:39,398 - INFO - 模型已保存到: ./A3CModels/a3c_model_PongNoFrameskip-v4_step_3053920.pth
2025-10-31 20:43:40,593 - INFO - 进程 2 - 回合 890: 奖励 = -19.00, 平均奖励 (最近5回合): -20.40, 总步数: 3055200
2025-10-31 20:43:40,860 - INFO - 进程 0 - 回合 890: 奖励 = -20.00, 平均奖励 (最近5回合): -20.60, 总步数: 3055510
2025-10-31 20:43:44,193 - INFO - 进程 3 - 回合 890: 奖励 = -20.00, 平均奖励 (最近5回合): -20.40, 总步数: 3059344
2025-10-31 20:43:49,410 - INFO - 模型已保存到: ./A3CModels/a3c_model_PongNoFrameskip-v4_step_3065268.pth
2025-10-31 20:43:52,304 - INFO - 进程 1 - 回合 895: 奖励 = -20.00, 平均奖励 (最近5回合): -20.40, 总步数: 3068504
2025-10-31 20:43:55,367 - INFO - 进程 0 - 回合 895: 奖励 = -21.00, 平均奖励 (最近5回合): -20.60, 总步数: 3071969
2025-10-31 20:43:55,738 - INFO - 进程 2 - 回合 895: 奖励 = -21.00, 平均奖励 (最近5回合): -20.20, 总步数: 3072392
2025-10-31 20:43:58,874 - INFO - 进程 3 - 回合 895: 奖励 = -21.00, 平均奖励 (最近5回合): -21.00, 总步数: 3075872
2025-10-31 20:43:59,421 - INFO - 模型已保存到: ./A3CModels/a3c_model_PongNoFrameskip-v4_step_3076499.pth
2025-10-31 20:44:08,256 - INFO - 进程 1 - 回合 900: 奖励 = -21.00, 平均奖励 (最近5回合): -20.40, 总步数: 3086700
2025-10-31 20:44:09,431 - INFO - 模型已保存到: ./A3CModels/a3c_model_PongNoFrameskip-v4_step_3088037.pth
2025-10-31 20:44:09,857 - INFO - 进程 0 - 回合 900: 奖励 = -21.00, 平均奖励 (最近5回合): -20.60, 总步数: 3088532
2025-10-31 20:44:10,351 - INFO - 进程 2 - 回合 900: 奖励 = -20.00, 平均奖励 (最近5回合): -20.40, 总步数: 3089110
2025-10-31 20:44:13,560 - INFO - 进程 3 - 回合 900: 奖励 = -20.00, 平均奖励 (最近5回合): -20.40, 总步数: 3092908
2025-10-31 20:44:19,440 - INFO - 模型已保存到: ./A3CModels/a3c_model_PongNoFrameskip-v4_step_3099599.pth
2025-10-31 20:44:22,543 - INFO - 进程 1 - 回合 905: 奖励 = -21.00, 平均奖励 (最近5回合): -21.00, 总步数: 3103221
2025-10-31 20:44:24,435 - INFO - 进程 0 - 回合 905: 奖励 = -21.00, 平均奖励 (最近5回合): -20.40, 总步数: 3105345
2025-10-31 20:44:25,100 - INFO - 进程 2 - 回合 905: 奖励 = -20.00, 平均奖励 (最近5回合): -20.40, 总步数: 3106132
2025-10-31 20:44:28,327 - INFO - 进程 3 - 回合 905: 奖励 = -21.00, 平均奖励 (最近5回合): -20.40, 总步数: 3110008
2025-10-31 20:44:29,450 - INFO - 模型已保存到: ./A3CModels/a3c_model_PongNoFrameskip-v4_step_3111360.pth
2025-10-31 20:44:36,281 - INFO - 进程 1 - 回合 910: 奖励 = -21.00, 平均奖励 (最近5回合): -21.00, 总步数: 3119262
2025-10-31 20:44:38,520 - INFO - 进程 0 - 回合 910: 奖励 = -21.00, 平均奖励 (最近5回合): -20.40, 总步数: 3121731
2025-10-31 20:44:39,299 - INFO - 进程 2 - 回合 910: 奖励 = -21.00, 平均奖励 (最近5回合): -21.00, 总步数: 3122622
2025-10-31 20:44:39,460 - INFO - 模型已保存到: ./A3CModels/a3c_model_PongNoFrameskip-v4_step_3122800.pth
2025-10-31 20:44:42,854 - INFO - 进程 3 - 回合 910: 奖励 = -21.00, 平均奖励 (最近5回合): -20.80, 总步数: 3126696
2025-10-31 20:44:49,471 - INFO - 模型已保存到: ./A3CModels/a3c_model_PongNoFrameskip-v4_step_3134569.pth
2025-10-31 20:44:51,083 - INFO - 进程 1 - 回合 915: 奖励 = -21.00, 平均奖励 (最近5回合): -20.60, 总步数: 3136491
2025-10-31 20:44:52,582 - INFO - 进程 0 - 回合 915: 奖励 = -21.00, 平均奖励 (最近5回合): -20.40, 总步数: 3138282
2025-10-31 20:44:52,955 - INFO - 进程 2 - 回合 915: 奖励 = -21.00, 平均奖励 (最近5回合): -21.00, 总步数: 3138716
2025-10-31 20:44:57,031 - INFO - 进程 3 - 回合 915: 奖励 = -20.00, 平均奖励 (最近5回合): -20.40, 总步数: 3143355
2025-10-31 20:44:59,482 - INFO - 模型已保存到: ./A3CModels/a3c_model_PongNoFrameskip-v4_step_3146194.pth
2025-10-31 20:45:06,079 - INFO - 进程 1 - 回合 920: 奖励 = -20.00, 平均奖励 (最近5回合): -20.60, 总步数: 3153944
2025-10-31 20:45:06,971 - INFO - 进程 0 - 回合 920: 奖励 = -20.00, 平均奖励 (最近5回合): -20.40, 总步数: 3154999
2025-10-31 20:45:07,581 - INFO - 进程 2 - 回合 920: 奖励 = -21.00, 平均奖励 (最近5回合): -20.40, 总步数: 3155716
2025-10-31 20:45:09,492 - INFO - 模型已保存到: ./A3CModels/a3c_model_PongNoFrameskip-v4_step_3157852.pth
2025-10-31 20:45:11,595 - INFO - 进程 3 - 回合 920: 奖励 = -21.00, 平均奖励 (最近5回合): -20.80, 总步数: 3160343
2025-10-31 20:45:19,502 - INFO - 模型已保存到: ./A3CModels/a3c_model_PongNoFrameskip-v4_step_3169633.pth
2025-10-31 20:45:21,037 - INFO - 进程 1 - 回合 925: 奖励 = -21.00, 平均奖励 (最近5回合): -20.60, 总步数: 3171418
2025-10-31 20:45:21,927 - INFO - 进程 0 - 回合 925: 奖励 = -20.00, 平均奖励 (最近5回合): -20.40, 总步数: 3172454
2025-10-31 20:45:23,078 - INFO - 进程 2 - 回合 925: 奖励 = -19.00, 平均奖励 (最近5回合): -20.60, 总步数: 3173739
2025-10-31 20:45:26,457 - INFO - 进程 3 - 回合 925: 奖励 = -21.00, 平均奖励 (最近5回合): -21.00, 总步数: 3177587
2025-10-31 20:45:29,518 - INFO - 模型已保存到: ./A3CModels/a3c_model_PongNoFrameskip-v4_step_3181023.pth
2025-10-31 20:45:37,422 - INFO - 进程 1 - 回合 930: 奖励 = -20.00, 平均奖励 (最近5回合): -20.00, 总步数: 3190231
2025-10-31 20:45:38,844 - INFO - 进程 0 - 回合 930: 奖励 = -21.00, 平均奖励 (最近5回合): -19.60, 总步数: 3191827
2025-10-31 20:45:38,845 - INFO - 🎯 进程 0 开始学习! 平均奖励: -19.60
2025-10-31 20:45:39,533 - INFO - 模型已保存到: ./A3CModels/a3c_model_PongNoFrameskip-v4_step_3192636.pth
2025-10-31 20:45:39,675 - INFO - 进程 2 - 回合 930: 奖励 = -20.00, 平均奖励 (最近5回合): -19.80, 总步数: 3192811
2025-10-31 20:45:39,676 - INFO - 🎯 进程 2 开始学习! 平均奖励: -19.80
2025-10-31 20:45:42,225 - INFO - 进程 3 - 回合 930: 奖励 = -21.00, 平均奖励 (最近5回合): -20.60, 总步数: 3195859
2025-10-31 20:45:49,549 - INFO - 模型已保存到: ./A3CModels/a3c_model_PongNoFrameskip-v4_step_3204462.pth
2025-10-31 20:45:53,663 - INFO - 进程 0 - 回合 935: 奖励 = -21.00, 平均奖励 (最近5回合): -20.60, 总步数: 3209207
2025-10-31 20:45:55,352 - INFO - 进程 1 - 回合 935: 奖励 = -18.00, 平均奖励 (最近5回合): -19.80, 总步数: 3211229
2025-10-31 20:45:55,352 - INFO - 🎯 进程 1 开始学习! 平均奖励: -19.80
2025-10-31 20:45:56,871 - INFO - 进程 2 - 回合 935: 奖励 = -19.00, 平均奖励 (最近5回合): -20.20, 总步数: 3213063
2025-10-31 20:45:59,000 - INFO - 进程 3 - 回合 935: 奖励 = -18.00, 平均奖励 (最近5回合): -20.00, 总步数: 3215569
2025-10-31 20:45:59,565 - INFO - 模型已保存到: ./A3CModels/a3c_model_PongNoFrameskip-v4_step_3216222.pth
2025-10-31 20:46:09,582 - INFO - 模型已保存到: ./A3CModels/a3c_model_PongNoFrameskip-v4_step_3227997.pth
2025-10-31 20:46:10,226 - INFO - 进程 1 - 回合 940: 奖励 = -21.00, 平均奖励 (最近5回合): -20.60, 总步数: 3228781
2025-10-31 20:46:11,077 - INFO - 进程 0 - 回合 940: 奖励 = -19.00, 平均奖励 (最近5回合): -19.00, 总步数: 3229768
2025-10-31 20:46:11,077 - INFO - 🎯 进程 0 开始学习! 平均奖励: -19.00
2025-10-31 20:46:12,196 - INFO - 进程 2 - 回合 940: 奖励 = -20.00, 平均奖励 (最近5回合): -20.60, 总步数: 3231073
2025-10-31 20:46:15,632 - INFO - 进程 3 - 回合 940: 奖励 = -18.00, 平均奖励 (最近5回合): -20.00, 总步数: 3235151
2025-10-31 20:46:19,598 - INFO - 模型已保存到: ./A3CModels/a3c_model_PongNoFrameskip-v4_step_3239889.pth
2025-10-31 20:46:26,288 - INFO - 进程 1 - 回合 945: 奖励 = -21.00, 平均奖励 (最近5回合): -19.80, 总步数: 3247748
2025-10-31 20:46:26,289 - INFO - 🎯 进程 1 开始学习! 平均奖励: -19.80
2025-10-31 20:46:27,026 - INFO - 进程 0 - 回合 945: 奖励 = -21.00, 平均奖励 (最近5回合): -20.00, 总步数: 3248640
2025-10-31 20:46:27,658 - INFO - 进程 2 - 回合 945: 奖励 = -20.00, 平均奖励 (最近5回合): -20.40, 总步数: 3249401
2025-10-31 20:46:29,609 - INFO - 模型已保存到: ./A3CModels/a3c_model_PongNoFrameskip-v4_step_3251725.pth
2025-10-31 20:46:31,333 - INFO - 进程 3 - 回合 945: 奖励 = -20.00, 平均奖励 (最近5回合): -20.00, 总步数: 3253804
2025-10-31 20:46:39,625 - INFO - 模型已保存到: ./A3CModels/a3c_model_PongNoFrameskip-v4_step_3263586.pth
2025-10-31 20:46:41,010 - INFO - 进程 1 - 回合 950: 奖励 = -20.00, 平均奖励 (最近5回合): -20.40, 总步数: 3265279
2025-10-31 20:46:42,862 - INFO - 进程 0 - 回合 950: 奖励 = -20.00, 平均奖励 (最近5回合): -20.40, 总步数: 3267519
2025-10-31 20:46:43,695 - INFO - 进程 2 - 回合 950: 奖励 = -19.00, 平均奖励 (最近5回合): -20.20, 总步数: 3268506
2025-10-31 20:46:46,471 - INFO - 进程 3 - 回合 950: 奖励 = -20.00, 平均奖励 (最近5回合): -20.00, 总步数: 3271911
2025-10-31 20:46:49,641 - INFO - 模型已保存到: ./A3CModels/a3c_model_PongNoFrameskip-v4_step_3275767.pth
2025-10-31 20:46:55,312 - INFO - 进程 1 - 回合 955: 奖励 = -21.00, 平均奖励 (最近5回合): -20.80, 总步数: 3282466
2025-10-31 20:46:57,203 - INFO - 进程 0 - 回合 955: 奖励 = -21.00, 平均奖励 (最近5回合): -20.20, 总步数: 3284714
2025-10-31 20:46:59,391 - INFO - 进程 2 - 回合 955: 奖励 = -20.00, 平均奖励 (最近5回合): -20.40, 总步数: 3287297
2025-10-31 20:46:59,656 - INFO - 模型已保存到: ./A3CModels/a3c_model_PongNoFrameskip-v4_step_3287593.pth
2025-10-31 20:47:02,846 - INFO - 进程 3 - 回合 955: 奖励 = -20.00, 平均奖励 (最近5回合): -19.80, 总步数: 3291372
2025-10-31 20:47:02,846 - INFO - 🎯 进程 3 开始学习! 平均奖励: -19.80
2025-10-31 20:47:09,672 - INFO - 模型已保存到: ./A3CModels/a3c_model_PongNoFrameskip-v4_step_3299420.pth
2025-10-31 20:47:11,097 - INFO - 进程 1 - 回合 960: 奖励 = -21.00, 平均奖励 (最近5回合): -20.40, 总步数: 3301174
2025-10-31 20:47:11,834 - INFO - 进程 0 - 回合 960: 奖励 = -20.00, 平均奖励 (最近5回合): -20.80, 总步数: 3302060
2025-10-31 20:47:14,005 - INFO - 进程 2 - 回合 960: 奖励 = -21.00, 平均奖励 (最近5回合): -20.60, 总步数: 3304679
2025-10-31 20:47:19,683 - INFO - 模型已保存到: ./A3CModels/a3c_model_PongNoFrameskip-v4_step_3311405.pth
2025-10-31 20:47:20,344 - INFO - 进程 3 - 回合 960: 奖励 = -20.00, 平均奖励 (最近5回合): -19.40, 总步数: 3312186
2025-10-31 20:47:20,345 - INFO - 🎯 进程 3 开始学习! 平均奖励: -19.40
2025-10-31 20:47:27,294 - INFO - 进程 1 - 回合 965: 奖励 = -20.00, 平均奖励 (最近5回合): -20.20, 总步数: 3320429
2025-10-31 20:47:27,903 - INFO - 进程 0 - 回合 965: 奖励 = -20.00, 平均奖励 (最近5回合): -19.80, 总步数: 3321172
2025-10-31 20:47:27,903 - INFO - 🎯 进程 0 开始学习! 平均奖励: -19.80
2025-10-31 20:47:29,014 - INFO - 进程 2 - 回合 965: 奖励 = -21.00, 平均奖励 (最近5回合): -20.40, 总步数: 3322500
2025-10-31 20:47:29,699 - INFO - 模型已保存到: ./A3CModels/a3c_model_PongNoFrameskip-v4_step_3323281.pth
2025-10-31 20:47:36,440 - INFO - 进程 3 - 回合 965: 奖励 = -18.00, 平均奖励 (最近5回合): -20.20, 总步数: 3331220
2025-10-31 20:47:39,710 - INFO - 模型已保存到: ./A3CModels/a3c_model_PongNoFrameskip-v4_step_3334976.pth
2025-10-31 20:47:42,753 - INFO - 进程 0 - 回合 970: 奖励 = -20.00, 平均奖励 (最近5回合): -20.60, 总步数: 3338604
2025-10-31 20:47:43,007 - INFO - 进程 1 - 回合 970: 奖励 = -20.00, 平均奖励 (最近5回合): -19.80, 总步数: 3338913
2025-10-31 20:47:43,007 - INFO - 🎯 进程 1 开始学习! 平均奖励: -19.80
2025-10-31 20:47:44,395 - INFO - 进程 2 - 回合 970: 奖励 = -21.00, 平均奖励 (最近5回合): -20.60, 总步数: 3340544
2025-10-31 20:47:49,726 - INFO - 模型已保存到: ./A3CModels/a3c_model_PongNoFrameskip-v4_step_3346871.pth
2025-10-31 20:47:51,847 - INFO - 进程 3 - 回合 970: 奖励 = -21.00, 平均奖励 (最近5回合): -20.40, 总步数: 3349380
2025-10-31 20:47:56,790 - INFO - 进程 1 - 回合 975: 奖励 = -20.00, 平均奖励 (最近5回合): -20.60, 总步数: 3355190
2025-10-31 20:47:56,960 - INFO - 进程 0 - 回合 975: 奖励 = -21.00, 平均奖励 (最近5回合): -20.80, 总步数: 3355381
2025-10-31 20:47:59,254 - INFO - 进程 2 - 回合 975: 奖励 = -20.00, 平均奖励 (最近5回合): -20.40, 总步数: 3358137
2025-10-31 20:47:59,735 - INFO - 模型已保存到: ./A3CModels/a3c_model_PongNoFrameskip-v4_step_3358724.pth
2025-10-31 20:48:05,937 - INFO - 进程 3 - 回合 975: 奖励 = -21.00, 平均奖励 (最近5回合): -20.80, 总步数: 3366198
2025-10-31 20:48:09,751 - INFO - 模型已保存到: ./A3CModels/a3c_model_PongNoFrameskip-v4_step_3370620.pth
2025-10-31 20:48:11,124 - INFO - 进程 1 - 回合 980: 奖励 = -20.00, 平均奖励 (最近5回合): -20.40, 总步数: 3372245
2025-10-31 20:48:11,242 - INFO - 进程 0 - 回合 980: 奖励 = -21.00, 平均奖励 (最近5回合): -20.80, 总步数: 3372388
2025-10-31 20:48:13,073 - INFO - 进程 2 - 回合 980: 奖励 = -21.00, 平均奖励 (最近5回合): -20.80, 总步数: 3374575
2025-10-31 20:48:19,767 - INFO - 模型已保存到: ./A3CModels/a3c_model_PongNoFrameskip-v4_step_3382399.pth
2025-10-31 20:48:20,467 - INFO - 进程 3 - 回合 980: 奖励 = -21.00, 平均奖励 (最近5回合): -20.60, 总步数: 3383224
2025-10-31 20:48:25,204 - INFO - 进程 0 - 回合 985: 奖励 = -21.00, 平均奖励 (最近5回合): -20.60, 总步数: 3388705
2025-10-31 20:48:25,795 - INFO - 进程 1 - 回合 985: 奖励 = -21.00, 平均奖励 (最近5回合): -20.80, 总步数: 3389393
2025-10-31 20:48:27,450 - INFO - 进程 2 - 回合 985: 奖励 = -21.00, 平均奖励 (最近5回合): -20.80, 总步数: 3391364
2025-10-31 20:48:29,778 - INFO - 模型已保存到: ./A3CModels/a3c_model_PongNoFrameskip-v4_step_3394156.pth
2025-10-31 20:48:34,943 - INFO - 进程 3 - 回合 985: 奖励 = -20.00, 平均奖励 (最近5回合): -20.40, 总步数: 3400194
2025-10-31 20:48:39,033 - INFO - 进程 0 - 回合 990: 奖励 = -21.00, 平均奖励 (最近5回合): -20.60, 总步数: 3404881
2025-10-31 20:48:39,795 - INFO - 模型已保存到: ./A3CModels/a3c_model_PongNoFrameskip-v4_step_3405783.pth
2025-10-31 20:48:39,865 - INFO - 进程 1 - 回合 990: 奖励 = -20.00, 平均奖励 (最近5回合): -20.60, 总步数: 3405884
2025-10-31 20:48:41,717 - INFO - 进程 2 - 回合 990: 奖励 = -20.00, 平均奖励 (最近5回合): -20.40, 总步数: 3408073
2025-10-31 20:48:48,861 - INFO - 进程 3 - 回合 990: 奖励 = -21.00, 平均奖励 (最近5回合): -20.80, 总步数: 3416578
2025-10-31 20:48:49,810 - INFO - 模型已保存到: ./A3CModels/a3c_model_PongNoFrameskip-v4_step_3417663.pth
2025-10-31 20:48:53,290 - INFO - 进程 0 - 回合 995: 奖励 = -20.00, 平均奖励 (最近5回合): -20.40, 总步数: 3421739
2025-10-31 20:48:54,898 - INFO - 进程 1 - 回合 995: 奖励 = -19.00, 平均奖励 (最近5回合): -20.00, 总步数: 3423616
2025-10-31 20:48:55,894 - INFO - 进程 2 - 回合 995: 奖励 = -20.00, 平均奖励 (最近5回合): -20.20, 总步数: 3424812
2025-10-31 20:48:59,821 - INFO - 模型已保存到: ./A3CModels/a3c_model_PongNoFrameskip-v4_step_3429424.pth
2025-10-31 20:49:03,894 - INFO - 进程 3 - 回合 995: 奖励 = -20.00, 平均奖励 (最近5回合): -20.00, 总步数: 3434230
2025-10-31 20:49:09,138 - INFO - 进程 1 - 回合 1000: 奖励 = -21.00, 平均奖励 (最近5回合): -20.80, 总步数: 3439858
2025-10-31 20:49:09,384 - INFO - 进程 0 - 回合 1000: 奖励 = -20.00, 平均奖励 (最近5回合): -20.00, 总步数: 3440117
2025-10-31 20:49:09,832 - INFO - 模型已保存到: ./A3CModels/a3c_model_PongNoFrameskip-v4_step_3440596.pth
2025-10-31 20:49:11,556 - INFO - 进程 2 - 回合 1000: 奖励 = -20.00, 平均奖励 (最近5回合): -20.20, 总步数: 3442445
2025-10-31 20:49:19,657 - INFO - 进程 3 - 回合 1000: 奖励 = -20.00, 平均奖励 (最近5回合): -20.40, 总步数: 3451248
2025-10-31 20:49:19,844 - INFO - 模型已保存到: ./A3CModels/a3c_model_PongNoFrameskip-v4_step_3451440.pth
2025-10-31 20:49:25,104 - INFO - 进程 0 - 回合 1005: 奖励 = -20.00, 平均奖励 (最近5回合): -20.40, 总步数: 3457146
2025-10-31 20:49:25,721 - INFO - 进程 1 - 回合 1005: 奖励 = -19.00, 平均奖励 (最近5回合): -19.80, 总步数: 3457826
2025-10-31 20:49:25,721 - INFO - 🎯 进程 1 开始学习! 平均奖励: -19.80
2025-10-31 20:49:26,646 - INFO - 进程 2 - 回合 1005: 奖励 = -21.00, 平均奖励 (最近5回合): -20.80, 总步数: 3458835
2025-10-31 20:49:29,856 - INFO - 模型已保存到: ./A3CModels/a3c_model_PongNoFrameskip-v4_step_3462375.pth
2025-10-31 20:49:36,092 - INFO - 进程 3 - 回合 1005: 奖励 = -18.00, 平均奖励 (最近5回合): -19.60, 总步数: 3469254
2025-10-31 20:49:36,092 - INFO - 🎯 进程 3 开始学习! 平均奖励: -19.60
2025-10-31 20:49:39,873 - INFO - 模型已保存到: ./A3CModels/a3c_model_PongNoFrameskip-v4_step_3473360.pth
2025-10-31 20:49:41,579 - INFO - 进程 0 - 回合 1010: 奖励 = -21.00, 平均奖励 (最近5回合): -20.40, 总步数: 3475258
2025-10-31 20:49:42,979 - INFO - 进程 2 - 回合 1010: 奖励 = -20.00, 平均奖励 (最近5回合): -19.80, 总步数: 3476803
2025-10-31 20:49:42,979 - INFO - 🎯 进程 2 开始学习! 平均奖励: -19.80
2025-10-31 20:49:43,423 - INFO - 进程 1 - 回合 1010: 奖励 = -18.00, 平均奖励 (最近5回合): -19.20, 总步数: 3477295
2025-10-31 20:49:43,423 - INFO - 🎯 进程 1 开始学习! 平均奖励: -19.20
2025-10-31 20:49:49,883 - INFO - 模型已保存到: ./A3CModels/a3c_model_PongNoFrameskip-v4_step_3484449.pth
2025-10-31 20:49:52,805 - INFO - 进程 3 - 回合 1010: 奖励 = -20.00, 平均奖励 (最近5回合): -19.60, 总步数: 3487633
2025-10-31 20:49:52,806 - INFO - 🎯 进程 3 开始学习! 平均奖励: -19.60
2025-10-31 20:49:57,143 - INFO - 进程 0 - 回合 1015: 奖励 = -21.00, 平均奖励 (最近5回合): -20.60, 总步数: 3492452
2025-10-31 20:49:58,851 - INFO - 进程 2 - 回合 1015: 奖励 = -21.00, 平均奖励 (最近5回合): -20.40, 总步数: 3494338
2025-10-31 20:49:59,893 - INFO - 模型已保存到: ./A3CModels/a3c_model_PongNoFrameskip-v4_step_3495494.pth
2025-10-31 20:50:00,069 - INFO - 进程 1 - 回合 1015: 奖励 = -20.00, 平均奖励 (最近5回合): -20.00, 总步数: 3495698
2025-10-31 20:50:08,411 - INFO - 进程 3 - 回合 1015: 奖励 = -21.00, 平均奖励 (最近5回合): -20.60, 总步数: 3504919
2025-10-31 20:50:09,909 - INFO - 模型已保存到: ./A3CModels/a3c_model_PongNoFrameskip-v4_step_3506504.pth
2025-10-31 20:50:12,986 - INFO - 进程 0 - 回合 1020: 奖励 = -20.00, 平均奖励 (最近5回合): -20.20, 总步数: 3509886
2025-10-31 20:50:14,332 - INFO - 进程 2 - 回合 1020: 奖励 = -21.00, 平均奖励 (最近5回合): -20.40, 总步数: 3511395
2025-10-31 20:50:15,343 - INFO - 进程 1 - 回合 1020: 奖励 = -20.00, 平均奖励 (最近5回合): -20.00, 总步数: 3512517
2025-10-31 20:50:19,920 - INFO - 模型已保存到: ./A3CModels/a3c_model_PongNoFrameskip-v4_checkpoint_step_3517578.pth
2025-10-31 20:50:19,929 - INFO - 模型已保存到: ./A3CModels/a3c_model_PongNoFrameskip-v4_step_3517578.pth
2025-10-31 20:50:23,776 - INFO - 进程 3 - 回合 1020: 奖励 = -20.00, 平均奖励 (最近5回合): -20.40, 总步数: 3521694
2025-10-31 20:50:28,741 - INFO - 进程 0 - 回合 1025: 奖励 = -19.00, 平均奖励 (最近5回合): -20.00, 总步数: 3527232
2025-10-31 20:50:29,544 - INFO - 进程 2 - 回合 1025: 奖励 = -21.00, 平均奖励 (最近5回合): -20.80, 总步数: 3528173
2025-10-31 20:50:29,945 - INFO - 模型已保存到: ./A3CModels/a3c_model_PongNoFrameskip-v4_step_3528636.pth
2025-10-31 20:50:30,187 - INFO - 进程 1 - 回合 1025: 奖励 = -21.00, 平均奖励 (最近5回合): -20.80, 总步数: 3528932
2025-10-31 20:50:38,562 - INFO - 进程 3 - 回合 1025: 奖励 = -20.00, 平均奖励 (最近5回合): -20.20, 总步数: 3538677
2025-10-31 20:50:39,960 - INFO - 模型已保存到: ./A3CModels/a3c_model_PongNoFrameskip-v4_step_3540308.pth
2025-10-31 20:50:42,936 - INFO - 进程 0 - 回合 1030: 奖励 = -20.00, 平均奖励 (最近5回合): -20.60, 总步数: 3543858
2025-10-31 20:50:43,750 - INFO - 进程 2 - 回合 1030: 奖励 = -20.00, 平均奖励 (最近5回合): -20.60, 总步数: 3544787
2025-10-31 20:50:44,508 - INFO - 进程 1 - 回合 1030: 奖励 = -20.00, 平均奖励 (最近5回合): -20.20, 总步数: 3545644
2025-10-31 20:50:49,972 - INFO - 模型已保存到: ./A3CModels/a3c_model_PongNoFrameskip-v4_step_3551770.pth
2025-10-31 20:50:52,757 - INFO - 进程 3 - 回合 1030: 奖励 = -21.00, 平均奖励 (最近5回合): -21.00, 总步数: 3554874
2025-10-31 20:50:57,396 - INFO - 进程 0 - 回合 1035: 奖励 = -20.00, 平均奖励 (最近5回合): -20.80, 总步数: 3560087
2025-10-31 20:50:58,277 - INFO - 进程 2 - 回合 1035: 奖励 = -21.00, 平均奖励 (最近5回合): -20.80, 总步数: 3561142
2025-10-31 20:50:59,007 - INFO - 进程 1 - 回合 1035: 奖励 = -20.00, 平均奖励 (最近5回合): -20.60, 总步数: 3562033
2025-10-31 20:50:59,982 - INFO - 模型已保存到: ./A3CModels/a3c_model_PongNoFrameskip-v4_step_3563215.pth
2025-10-31 20:51:07,114 - INFO - 进程 3 - 回合 1035: 奖励 = -21.00, 平均奖励 (最近5回合): -20.60, 总步数: 3571581
2025-10-31 20:51:09,999 - INFO - 模型已保存到: ./A3CModels/a3c_model_PongNoFrameskip-v4_step_3574778.pth
2025-10-31 20:51:11,506 - INFO - 进程 0 - 回合 1040: 奖励 = -21.00, 平均奖励 (最近5回合): -20.60, 总步数: 3576515
2025-10-31 20:51:12,731 - INFO - 进程 2 - 回合 1040: 奖励 = -21.00, 平均奖励 (最近5回合): -20.60, 总步数: 3577864
2025-10-31 20:51:13,585 - INFO - 进程 1 - 回合 1040: 奖励 = -21.00, 平均奖励 (最近5回合): -20.60, 总步数: 3578817
2025-10-31 20:51:20,016 - INFO - 模型已保存到: ./A3CModels/a3c_model_PongNoFrameskip-v4_step_3586135.pth
2025-10-31 20:51:21,727 - INFO - 进程 3 - 回合 1040: 奖励 = -21.00, 平均奖励 (最近5回合): -20.80, 总步数: 3588139
2025-10-31 20:51:25,849 - INFO - 进程 0 - 回合 1045: 奖励 = -21.00, 平均奖励 (最近5回合): -20.80, 总步数: 3592825
2025-10-31 20:51:27,343 - INFO - 进程 2 - 回合 1045: 奖励 = -21.00, 平均奖励 (最近5回合): -21.00, 总步数: 3594559
2025-10-31 20:51:28,093 - INFO - 进程 1 - 回合 1045: 奖励 = -20.00, 平均奖励 (最近5回合): -20.40, 总步数: 3595433
2025-10-31 20:51:30,032 - INFO - 模型已保存到: ./A3CModels/a3c_model_PongNoFrameskip-v4_step_3597671.pth
2025-10-31 20:51:36,106 - INFO - 进程 3 - 回合 1045: 奖励 = -21.00, 平均奖励 (最近5回合): -20.80, 总步数: 3604690
2025-10-31 20:51:40,046 - INFO - 模型已保存到: ./A3CModels/a3c_model_PongNoFrameskip-v4_step_3609092.pth
2025-10-31 20:51:41,064 - INFO - 进程 0 - 回合 1050: 奖励 = -19.00, 平均奖励 (最近5回合): -20.00, 总步数: 3610256
2025-10-31 20:51:42,015 - INFO - 进程 2 - 回合 1050: 奖励 = -21.00, 平均奖励 (最近5回合): -20.60, 总步数: 3611342
2025-10-31 20:51:42,493 - INFO - 进程 1 - 回合 1050: 奖励 = -21.00, 平均奖励 (最近5回合): -20.80, 总步数: 3611890
2025-10-31 20:51:50,055 - INFO - 模型已保存到: ./A3CModels/a3c_model_PongNoFrameskip-v4_step_3620440.pth
2025-10-31 20:51:50,789 - INFO - 进程 3 - 回合 1050: 奖励 = -21.00, 平均奖励 (最近5回合): -20.80, 总步数: 3621265
2025-10-31 20:51:55,680 - INFO - 进程 0 - 回合 1055: 奖励 = -21.00, 平均奖励 (最近5回合): -20.80, 总步数: 3626641
2025-10-31 20:51:57,271 - INFO - 进程 2 - 回合 1055: 奖励 = -21.00, 平均奖励 (最近5回合): -20.80, 总步数: 3628430
2025-10-31 20:51:57,494 - INFO - 进程 1 - 回合 1055: 奖励 = -20.00, 平均奖励 (最近5回合): -20.20, 总步数: 3628683
2025-10-31 20:52:00,066 - INFO - 模型已保存到: ./A3CModels/a3c_model_PongNoFrameskip-v4_step_3631595.pth
2025-10-31 20:52:06,406 - INFO - 进程 3 - 回合 1055: 奖励 = -20.00, 平均奖励 (最近5回合): -20.00, 总步数: 3638841
2025-10-31 20:52:10,075 - INFO - 模型已保存到: ./A3CModels/a3c_model_PongNoFrameskip-v4_step_3642993.pth
2025-10-31 20:52:12,075 - INFO - 进程 2 - 回合 1060: 奖励 = -21.00, 平均奖励 (最近5回合): -20.60, 总步数: 3645264
2025-10-31 20:52:13,405 - INFO - 进程 1 - 回合 1060: 奖励 = -20.00, 平均奖励 (最近5回合): -20.20, 总步数: 3646787
2025-10-31 20:52:14,152 - INFO - 进程 0 - 回合 1060: 奖励 = -19.00, 平均奖励 (最近5回合): -19.20, 总步数: 3647618
2025-10-31 20:52:14,153 - INFO - 🎯 进程 0 开始学习! 平均奖励: -19.20
2025-10-31 20:52:20,091 - INFO - 模型已保存到: ./A3CModels/a3c_model_PongNoFrameskip-v4_step_3654414.pth
2025-10-31 20:52:22,077 - INFO - 进程 3 - 回合 1060: 奖励 = -21.00, 平均奖励 (最近5回合): -20.20, 总步数: 3656711
2025-10-31 20:52:28,711 - INFO - 进程 2 - 回合 1065: 奖励 = -20.00, 平均奖励 (最近5回合): -20.60, 总步数: 3664244
2025-10-31 20:52:29,684 - INFO - 进程 0 - 回合 1065: 奖励 = -21.00, 平均奖励 (最近5回合): -20.40, 总步数: 3665364
2025-10-31 20:52:30,100 - INFO - 模型已保存到: ./A3CModels/a3c_model_PongNoFrameskip-v4_step_3665848.pth
2025-10-31 20:52:30,114 - INFO - 进程 1 - 回合 1065: 奖励 = -21.00, 平均奖励 (最近5回合): -20.60, 总步数: 3665865
2025-10-31 20:52:37,672 - INFO - 进程 3 - 回合 1065: 奖励 = -20.00, 平均奖励 (最近5回合): -20.60, 总步数: 3674625
2025-10-31 20:52:40,116 - INFO - 模型已保存到: ./A3CModels/a3c_model_PongNoFrameskip-v4_step_3677355.pth
2025-10-31 20:52:42,708 - INFO - 进程 2 - 回合 1070: 奖励 = -21.00, 平均奖励 (最近5回合): -20.80, 总步数: 3680366
2025-10-31 20:52:43,843 - INFO - 进程 0 - 回合 1070: 奖励 = -20.00, 平均奖励 (最近5回合): -20.60, 总步数: 3681665
2025-10-31 20:52:44,591 - INFO - 进程 1 - 回合 1070: 奖励 = -21.00, 平均奖励 (最近5回合): -20.20, 总步数: 3682527
2025-10-31 20:52:50,126 - INFO - 模型已保存到: ./A3CModels/a3c_model_PongNoFrameskip-v4_step_3688884.pth
2025-10-31 20:52:51,252 - INFO - 进程 3 - 回合 1070: 奖励 = -21.00, 平均奖励 (最近5回合): -21.00, 总步数: 3690169
2025-10-31 20:52:56,589 - INFO - 进程 2 - 回合 1075: 奖励 = -20.00, 平均奖励 (最近5回合): -20.80, 总步数: 3696187
2025-10-31 20:52:57,869 - INFO - 进程 0 - 回合 1075: 奖励 = -21.00, 平均奖励 (最近5回合): -20.80, 总步数: 3697668
2025-10-31 20:52:59,268 - INFO - 进程 1 - 回合 1075: 奖励 = -21.00, 平均奖励 (最近5回合): -20.80, 总步数: 3699294
2025-10-31 20:53:00,135 - INFO - 模型已保存到: ./A3CModels/a3c_model_PongNoFrameskip-v4_step_3700279.pth
2025-10-31 20:53:06,491 - INFO - 进程 3 - 回合 1075: 奖励 = -20.00, 平均奖励 (最近5回合): -20.40, 总步数: 3707608
2025-10-31 20:53:10,151 - INFO - 模型已保存到: ./A3CModels/a3c_model_PongNoFrameskip-v4_step_3711753.pth
2025-10-31 20:53:11,810 - INFO - 进程 2 - 回合 1080: 奖励 = -21.00, 平均奖励 (最近5回合): -20.60, 总步数: 3713658
2025-10-31 20:53:13,674 - INFO - 进程 0 - 回合 1080: 奖励 = -20.00, 平均奖励 (最近5回合): -20.40, 总步数: 3715811
2025-10-31 20:53:14,030 - INFO - 进程 1 - 回合 1080: 奖励 = -21.00, 平均奖励 (最近5回合): -20.80, 总步数: 3716214
2025-10-31 20:53:20,167 - INFO - 模型已保存到: ./A3CModels/a3c_model_PongNoFrameskip-v4_step_3723270.pth
2025-10-31 20:53:24,011 - INFO - 进程 3 - 回合 1080: 奖励 = -20.00, 平均奖励 (最近5回合): -19.20, 总步数: 3727622
2025-10-31 20:53:24,011 - INFO - 🎯 进程 3 开始学习! 平均奖励: -19.20
2025-10-31 20:53:28,212 - INFO - 进程 2 - 回合 1085: 奖励 = -20.00, 平均奖励 (最近5回合): -19.80, 总步数: 3732478
2025-10-31 20:53:28,213 - INFO - 🎯 进程 2 开始学习! 平均奖励: -19.80
2025-10-31 20:53:29,741 - INFO - 进程 0 - 回合 1085: 奖励 = -21.00, 平均奖励 (最近5回合): -20.40, 总步数: 3734236
2025-10-31 20:53:29,998 - INFO - 进程 1 - 回合 1085: 奖励 = -21.00, 平均奖励 (最近5回合): -19.80, 总步数: 3734528
2025-10-31 20:53:29,998 - INFO - 🎯 进程 1 开始学习! 平均奖励: -19.80
2025-10-31 20:53:30,176 - INFO - 模型已保存到: ./A3CModels/a3c_model_PongNoFrameskip-v4_step_3734722.pth
2025-10-31 20:53:39,024 - INFO - 进程 3 - 回合 1085: 奖励 = -20.00, 平均奖励 (最近5回合): -20.60, 总步数: 3744783
2025-10-31 20:53:40,192 - INFO - 模型已保存到: ./A3CModels/a3c_model_PongNoFrameskip-v4_step_3746138.pth
2025-10-31 20:53:42,790 - INFO - 进程 2 - 回合 1090: 奖励 = -21.00, 平均奖励 (最近5回合): -20.20, 总步数: 3749149
2025-10-31 20:53:43,965 - INFO - 进程 0 - 回合 1090: 奖励 = -20.00, 平均奖励 (最近5回合): -20.80, 总步数: 3750514
2025-10-31 20:53:44,683 - INFO - 进程 1 - 回合 1090: 奖励 = -20.00, 平均奖励 (最近5回合): -20.60, 总步数: 3751339
2025-10-31 20:53:50,201 - INFO - 模型已保存到: ./A3CModels/a3c_model_PongNoFrameskip-v4_step_3757724.pth
2025-10-31 20:53:53,720 - INFO - 进程 3 - 回合 1090: 奖励 = -20.00, 平均奖励 (最近5回合): -20.60, 总步数: 3761685
2025-10-31 20:53:57,045 - INFO - 进程 2 - 回合 1095: 奖励 = -21.00, 平均奖励 (最近5回合): -21.00, 总步数: 3765551
2025-10-31 20:53:58,909 - INFO - 进程 0 - 回合 1095: 奖励 = -20.00, 平均奖励 (最近5回合): -20.40, 总步数: 3767688
2025-10-31 20:53:59,106 - INFO - 进程 1 - 回合 1095: 奖励 = -21.00, 平均奖励 (最近5回合): -20.40, 总步数: 3767908
2025-10-31 20:54:00,211 - INFO - 模型已保存到: ./A3CModels/a3c_model_PongNoFrameskip-v4_step_3769171.pth
2025-10-31 20:54:08,029 - INFO - 进程 3 - 回合 1095: 奖励 = -21.00, 平均奖励 (最近5回合): -20.60, 总步数: 3778129
2025-10-31 20:54:10,228 - INFO - 模型已保存到: ./A3CModels/a3c_model_PongNoFrameskip-v4_step_3780572.pth
2025-10-31 20:54:12,000 - INFO - 进程 2 - 回合 1100: 奖励 = -21.00, 平均奖励 (最近5回合): -20.60, 总步数: 3782627
2025-10-31 20:54:13,619 - INFO - 进程 0 - 回合 1100: 奖励 = -20.00, 平均奖励 (最近5回合): -20.60, 总步数: 3784507
2025-10-31 20:54:13,635 - INFO - 进程 1 - 回合 1100: 奖励 = -21.00, 平均奖励 (最近5回合): -20.40, 总步数: 3784524
2025-10-31 20:54:20,246 - INFO - 模型已保存到: ./A3CModels/a3c_model_PongNoFrameskip-v4_step_3792159.pth
2025-10-31 20:54:22,804 - INFO - 进程 3 - 回合 1100: 奖励 = -21.00, 平均奖励 (最近5回合): -20.80, 总步数: 3795129
2025-10-31 20:54:26,265 - INFO - 进程 2 - 回合 1105: 奖励 = -21.00, 平均奖励 (最近5回合): -20.60, 总步数: 3799043
2025-10-31 20:54:27,945 - INFO - 进程 1 - 回合 1105: 奖励 = -21.00, 平均奖励 (最近5回合): -20.60, 总步数: 3800960
2025-10-31 20:54:28,271 - INFO - 进程 0 - 回合 1105: 奖励 = -21.00, 平均奖励 (最近5回合): -21.00, 总步数: 3801325
2025-10-31 20:54:30,256 - INFO - 模型已保存到: ./A3CModels/a3c_model_PongNoFrameskip-v4_step_3803605.pth
2025-10-31 20:54:37,227 - INFO - 进程 3 - 回合 1105: 奖励 = -20.00, 平均奖励 (最近5回合): -20.60, 总步数: 3811640
2025-10-31 20:54:40,269 - INFO - 模型已保存到: ./A3CModels/a3c_model_PongNoFrameskip-v4_step_3815040.pth
2025-10-31 20:54:40,715 - INFO - 进程 2 - 回合 1110: 奖励 = -21.00, 平均奖励 (最近5回合): -20.60, 总步数: 3815567
2025-10-31 20:54:42,144 - INFO - 进程 1 - 回合 1110: 奖励 = -21.00, 平均奖励 (最近5回合): -20.80, 总步数: 3817201
2025-10-31 20:54:42,606 - INFO - 进程 0 - 回合 1110: 奖励 = -20.00, 平均奖励 (最近5回合): -20.60, 总步数: 3817724
2025-10-31 20:54:50,278 - INFO - 模型已保存到: ./A3CModels/a3c_model_PongNoFrameskip-v4_step_3826591.pth
2025-10-31 20:54:52,087 - INFO - 进程 3 - 回合 1110: 奖励 = -20.00, 平均奖励 (最近5回合): -20.20, 总步数: 3828660
2025-10-31 20:54:55,627 - INFO - 进程 2 - 回合 1115: 奖励 = -20.00, 平均奖励 (最近5回合): -20.20, 总步数: 3832613
2025-10-31 20:54:56,546 - INFO - 进程 1 - 回合 1115: 奖励 = -21.00, 平均奖励 (最近5回合): -20.40, 总步数: 3833667
2025-10-31 20:54:57,013 - INFO - 进程 0 - 回合 1115: 奖励 = -20.00, 平均奖励 (最近5回合): -20.40, 总步数: 3834209
2025-10-31 20:55:00,289 - INFO - 模型已保存到: ./A3CModels/a3c_model_PongNoFrameskip-v4_step_3837960.pth
2025-10-31 20:55:06,380 - INFO - 进程 3 - 回合 1115: 奖励 = -20.00, 平均奖励 (最近5回合): -20.60, 总步数: 3844991
2025-10-31 20:55:10,300 - INFO - 模型已保存到: ./A3CModels/a3c_model_PongNoFrameskip-v4_step_3849413.pth
2025-10-31 20:55:10,700 - INFO - 进程 2 - 回合 1120: 奖励 = -20.00, 平均奖励 (最近5回合): -20.00, 总步数: 3849881
2025-10-31 20:55:11,478 - INFO - 进程 1 - 回合 1120: 奖励 = -21.00, 平均奖励 (最近5回合): -20.40, 总步数: 3850778
2025-10-31 20:55:11,876 - INFO - 进程 0 - 回合 1120: 奖励 = -21.00, 平均奖励 (最近5回合): -20.20, 总步数: 3851240
2025-10-31 20:55:20,310 - INFO - 模型已保存到: ./A3CModels/a3c_model_PongNoFrameskip-v4_step_3860970.pth
2025-10-31 20:55:21,769 - INFO - 进程 3 - 回合 1120: 奖励 = -19.00, 平均奖励 (最近5回合): -20.00, 总步数: 3862678
2025-10-31 20:55:24,898 - INFO - 进程 2 - 回合 1125: 奖励 = -21.00, 平均奖励 (最近5回合): -20.60, 总步数: 3866212
2025-10-31 20:55:26,241 - INFO - 进程 1 - 回合 1125: 奖励 = -20.00, 平均奖励 (最近5回合): -20.00, 总步数: 3867722
2025-10-31 20:55:26,593 - INFO - 进程 0 - 回合 1125: 奖励 = -21.00, 平均奖励 (最近5回合): -20.40, 总步数: 3868128
2025-10-31 20:55:30,327 - INFO - 模型已保存到: ./A3CModels/a3c_model_PongNoFrameskip-v4_step_3872430.pth
2025-10-31 20:55:36,099 - INFO - 进程 3 - 回合 1125: 奖励 = -20.00, 平均奖励 (最近5回合): -20.60, 总步数: 3879063
2025-10-31 20:55:39,241 - INFO - 进程 2 - 回合 1130: 奖励 = -20.00, 平均奖励 (最近5回合): -20.60, 总步数: 3882610
2025-10-31 20:55:40,342 - INFO - 模型已保存到: ./A3CModels/a3c_model_PongNoFrameskip-v4_step_3883882.pth
2025-10-31 20:55:40,716 - INFO - 进程 1 - 回合 1130: 奖励 = -20.00, 平均奖励 (最近5回合): -20.40, 总步数: 3884331
2025-10-31 20:55:40,869 - INFO - 进程 0 - 回合 1130: 奖励 = -20.00, 平均奖励 (最近5回合): -20.40, 总步数: 3884508
2025-10-31 20:55:50,359 - INFO - 模型已保存到: ./A3CModels/a3c_model_PongNoFrameskip-v4_step_3895484.pth
2025-10-31 20:55:51,627 - INFO - 进程 3 - 回合 1130: 奖励 = -19.00, 平均奖励 (最近5回合): -20.40, 总步数: 3896971
2025-10-31 20:55:54,611 - INFO - 进程 2 - 回合 1135: 奖励 = -21.00, 平均奖励 (最近5回合): -20.00, 总步数: 3900320
2025-10-31 20:55:55,606 - INFO - 进程 1 - 回合 1135: 奖励 = -21.00, 平均奖励 (最近5回合): -20.20, 总步数: 3901475
2025-10-31 20:55:56,819 - INFO - 进程 0 - 回合 1135: 奖励 = -18.00, 平均奖励 (最近5回合): -19.60, 总步数: 3902901
2025-10-31 20:55:56,819 - INFO - 🎯 进程 0 开始学习! 平均奖励: -19.60
2025-10-31 20:56:00,370 - INFO - 模型已保存到: ./A3CModels/a3c_model_PongNoFrameskip-v4_step_3906995.pth
2025-10-31 20:56:06,489 - INFO - 进程 3 - 回合 1135: 奖励 = -21.00, 平均奖励 (最近5回合): -20.40, 总步数: 3914040
2025-10-31 20:56:09,397 - INFO - 进程 2 - 回合 1140: 奖励 = -21.00, 平均奖励 (最近5回合): -20.60, 总步数: 3917341
2025-10-31 20:56:10,382 - INFO - 模型已保存到: ./A3CModels/a3c_model_PongNoFrameskip-v4_step_3918465.pth
2025-10-31 20:56:10,791 - INFO - 进程 1 - 回合 1140: 奖励 = -21.00, 平均奖励 (最近5回合): -20.60, 总步数: 3918952
2025-10-31 20:56:10,966 - INFO - 进程 0 - 回合 1140: 奖励 = -19.00, 平均奖励 (最近5回合): -20.40, 总步数: 3919147
2025-10-31 20:56:20,392 - INFO - 模型已保存到: ./A3CModels/a3c_model_PongNoFrameskip-v4_step_3929979.pth
2025-10-31 20:56:20,521 - INFO - 进程 3 - 回合 1140: 奖励 = -19.00, 平均奖励 (最近5回合): -20.60, 总步数: 3930125
2025-10-31 20:56:23,664 - INFO - 进程 2 - 回合 1145: 奖励 = -21.00, 平均奖励 (最近5回合): -20.60, 总步数: 3933698
2025-10-31 20:56:24,793 - INFO - 进程 1 - 回合 1145: 奖励 = -21.00, 平均奖励 (最近5回合): -20.80, 总步数: 3934959
2025-10-31 20:56:25,817 - INFO - 进程 0 - 回合 1145: 奖励 = -21.00, 平均奖励 (最近5回合): -20.60, 总步数: 3936158
2025-10-31 20:56:30,403 - INFO - 模型已保存到: ./A3CModels/a3c_model_PongNoFrameskip-v4_step_3941400.pth
2025-10-31 20:56:33,994 - INFO - 进程 3 - 回合 1145: 奖励 = -21.00, 平均奖励 (最近5回合): -21.00, 总步数: 3945567
2025-10-31 20:56:36,980 - INFO - 进程 2 - 回合 1150: 奖励 = -21.00, 平均奖励 (最近5回合): -21.00, 总步数: 3948972
2025-10-31 20:56:38,208 - INFO - 进程 1 - 回合 1150: 奖励 = -21.00, 平均奖励 (最近5回合): -21.00, 总步数: 3950373
2025-10-31 20:56:39,159 - INFO - 进程 0 - 回合 1150: 奖励 = -21.00, 平均奖励 (最近5回合): -21.00, 总步数: 3951388
2025-10-31 20:56:40,413 - INFO - 模型已保存到: ./A3CModels/a3c_model_PongNoFrameskip-v4_step_3952828.pth
2025-10-31 20:56:47,396 - INFO - 进程 3 - 回合 1150: 奖励 = -21.00, 平均奖励 (最近5回合): -21.00, 总步数: 3960893
2025-10-31 20:56:50,339 - INFO - 进程 2 - 回合 1155: 奖励 = -21.00, 平均奖励 (最近5回合): -21.00, 总步数: 3964275
2025-10-31 20:56:50,428 - INFO - 模型已保存到: ./A3CModels/a3c_model_PongNoFrameskip-v4_step_3964364.pth
2025-10-31 20:56:51,865 - INFO - 进程 1 - 回合 1155: 奖励 = -21.00, 平均奖励 (最近5回合): -21.00, 总步数: 3966022
2025-10-31 20:56:52,786 - INFO - 进程 0 - 回合 1155: 奖励 = -21.00, 平均奖励 (最近5回合): -20.80, 总步数: 3967049
2025-10-31 20:57:00,438 - INFO - 模型已保存到: ./A3CModels/a3c_model_PongNoFrameskip-v4_step_3975777.pth
2025-10-31 20:57:00,914 - INFO - 进程 3 - 回合 1155: 奖励 = -21.00, 平均奖励 (最近5回合): -21.00, 总步数: 3976323
2025-10-31 20:57:04,180 - INFO - 进程 2 - 回合 1160: 奖励 = -21.00, 平均奖励 (最近5回合): -20.80, 总步数: 3980066
2025-10-31 20:57:05,541 - INFO - 进程 1 - 回合 1160: 奖励 = -21.00, 平均奖励 (最近5回合): -21.00, 总步数: 3981645
2025-10-31 20:57:06,626 - INFO - 进程 0 - 回合 1160: 奖励 = -21.00, 平均奖励 (最近5回合): -20.80, 总步数: 3982912
2025-10-31 20:57:10,449 - INFO - 模型已保存到: ./A3CModels/a3c_model_PongNoFrameskip-v4_step_3987276.pth
2025-10-31 20:57:14,700 - INFO - 进程 3 - 回合 1160: 奖励 = -21.00, 平均奖励 (最近5回合): -21.00, 总步数: 3992212
2025-10-31 20:57:18,121 - INFO - 进程 2 - 回合 1165: 奖励 = -20.00, 平均奖励 (最近5回合): -20.80, 总步数: 3996201
2025-10-31 20:57:19,972 - INFO - 进程 1 - 回合 1165: 奖励 = -21.00, 平均奖励 (最近5回合): -20.40, 总步数: 3998360
2025-10-31 20:57:20,460 - INFO - 模型已保存到: ./A3CModels/a3c_model_PongNoFrameskip-v4_step_3998906.pth
2025-10-31 20:57:20,534 - INFO - 进程 0 - 回合 1165: 奖励 = -19.00, 平均奖励 (最近5回合): -20.60, 总步数: 3998999
2025-10-31 20:57:28,558 - INFO - 进程 3 - 回合 1165: 奖励 = -21.00, 平均奖励 (最近5回合): -21.00, 总步数: 4008191
2025-10-31 20:57:30,472 - INFO - 模型已保存到: ./A3CModels/a3c_model_PongNoFrameskip-v4_step_4010402.pth
2025-10-31 20:57:31,920 - INFO - 进程 2 - 回合 1170: 奖励 = -19.00, 平均奖励 (最近5回合): -20.60, 总步数: 4012080
2025-10-31 20:57:34,013 - INFO - 进程 0 - 回合 1170: 奖励 = -21.00, 平均奖励 (最近5回合): -21.00, 总步数: 4014504
2025-10-31 20:57:34,187 - INFO - 进程 1 - 回合 1170: 奖励 = -21.00, 平均奖励 (最近5回合): -20.80, 总步数: 4014707
2025-10-31 20:57:40,483 - INFO - 模型已保存到: ./A3CModels/a3c_model_PongNoFrameskip-v4_checkpoint_step_4021915.pth
2025-10-31 20:57:40,494 - INFO - 模型已保存到: ./A3CModels/a3c_model_PongNoFrameskip-v4_step_4021915.pth
2025-10-31 20:57:41,839 - INFO - 进程 3 - 回合 1170: 奖励 = -21.00, 平均奖励 (最近5回合): -21.00, 总步数: 4023511
2025-10-31 20:57:45,374 - INFO - 进程 2 - 回合 1175: 奖励 = -21.00, 平均奖励 (最近5回合): -20.80, 总步数: 4027637
2025-10-31 20:57:47,694 - INFO - 进程 1 - 回合 1175: 奖励 = -20.00, 平均奖励 (最近5回合): -20.80, 总步数: 4030325
2025-10-31 20:57:48,477 - INFO - 进程 0 - 回合 1175: 奖励 = -21.00, 平均奖励 (最近5回合): -20.40, 总步数: 4031225
2025-10-31 20:57:50,505 - INFO - 模型已保存到: ./A3CModels/a3c_model_PongNoFrameskip-v4_step_4033552.pth
2025-10-31 20:57:55,504 - INFO - 进程 3 - 回合 1175: 奖励 = -21.00, 平均奖励 (最近5回合): -21.00, 总步数: 4039280
2025-10-31 20:57:58,863 - INFO - 进程 2 - 回合 1180: 奖励 = -21.00, 平均奖励 (最近5回合): -21.00, 总步数: 4043170
2025-10-31 20:58:00,514 - INFO - 模型已保存到: ./A3CModels/a3c_model_PongNoFrameskip-v4_step_4045081.pth
2025-10-31 20:58:01,715 - INFO - 进程 0 - 回合 1180: 奖励 = -21.00, 平均奖励 (最近5回合): -21.00, 总步数: 4046477
2025-10-31 20:58:02,174 - INFO - 进程 1 - 回合 1180: 奖励 = -20.00, 平均奖励 (最近5回合): -20.60, 总步数: 4047011
2025-10-31 20:58:08,885 - INFO - 进程 3 - 回合 1180: 奖励 = -21.00, 平均奖励 (最近5回合): -21.00, 总步数: 4054701
2025-10-31 20:58:10,752 - INFO - 模型已保存到: ./A3CModels/a3c_model_PongNoFrameskip-v4_step_4056610.pth
2025-10-31 20:58:12,085 - INFO - 进程 2 - 回合 1185: 奖励 = -21.00, 平均奖励 (最近5回合): -21.00, 总步数: 4058447
2025-10-31 20:58:15,602 - INFO - 进程 1 - 回合 1185: 奖励 = -21.00, 平均奖励 (最近5回合): -21.00, 总步数: 4062519
2025-10-31 20:58:15,722 - INFO - 进程 0 - 回合 1185: 奖励 = -21.00, 平均奖励 (最近5回合): -20.80, 总步数: 4062656
2025-10-31 20:58:20,768 - INFO - 模型已保存到: ./A3CModels/a3c_model_PongNoFrameskip-v4_step_4068467.pth
2025-10-31 20:58:22,695 - INFO - 进程 3 - 回合 1185: 奖励 = -21.00, 平均奖励 (最近5回合): -21.00, 总步数: 4070692
2025-10-31 20:58:27,207 - INFO - 进程 2 - 回合 1190: 奖励 = -21.00, 平均奖励 (最近5回合): -20.40, 总步数: 4075844
2025-10-31 20:58:30,893 - INFO - 模型已保存到: ./A3CModels/a3c_model_PongNoFrameskip-v4_step_4079996.pth
2025-10-31 20:58:30,916 - INFO - 进程 1 - 回合 1190: 奖励 = -19.00, 平均奖励 (最近5回合): -20.40, 总步数: 4080169
2025-10-31 20:58:31,567 - INFO - 进程 0 - 回合 1190: 奖励 = -20.00, 平均奖励 (最近5回合): -19.80, 总步数: 4080924
2025-10-31 20:58:31,567 - INFO - 🎯 进程 0 开始学习! 平均奖励: -19.80
2025-10-31 20:58:38,696 - INFO - 进程 3 - 回合 1190: 奖励 = -21.00, 平均奖励 (最近5回合): -20.00, 总步数: 4089161
2025-10-31 20:58:40,904 - INFO - 模型已保存到: ./A3CModels/a3c_model_PongNoFrameskip-v4_step_4091647.pth
2025-10-31 20:58:42,244 - INFO - 进程 2 - 回合 1195: 奖励 = -19.00, 平均奖励 (最近5回合): -20.20, 总步数: 4093209
2025-10-31 20:58:46,198 - INFO - 进程 1 - 回合 1195: 奖励 = -20.00, 平均奖励 (最近5回合): -20.40, 总步数: 4097831
2025-10-31 20:58:47,291 - INFO - 进程 0 - 回合 1195: 奖励 = -21.00, 平均奖励 (最近5回合): -19.60, 总步数: 4099132
2025-10-31 20:58:47,292 - INFO - 🎯 进程 0 开始学习! 平均奖励: -19.60
2025-10-31 20:58:50,914 - INFO - 模型已保存到: ./A3CModels/a3c_model_PongNoFrameskip-v4_step_4103281.pth
2025-10-31 20:58:52,924 - INFO - 进程 3 - 回合 1195: 奖励 = -20.00, 平均奖励 (最近5回合): -20.40, 总步数: 4105636
2025-10-31 20:58:56,686 - INFO - 进程 2 - 回合 1200: 奖励 = -21.00, 平均奖励 (最近5回合): -20.40, 总步数: 4109925
2025-10-31 20:59:00,520 - INFO - 进程 1 - 回合 1200: 奖励 = -21.00, 平均奖励 (最近5回合): -20.60, 总步数: 4114368
2025-10-31 20:59:00,923 - INFO - 模型已保存到: ./A3CModels/a3c_model_PongNoFrameskip-v4_step_4114823.pth
2025-10-31 20:59:01,686 - INFO - 进程 0 - 回合 1200: 奖励 = -20.00, 平均奖励 (最近5回合): -20.40, 总步数: 4115715
2025-10-31 20:59:07,251 - INFO - 进程 3 - 回合 1200: 奖励 = -20.00, 平均奖励 (最近5回合): -20.40, 总步数: 4122167
2025-10-31 20:59:10,939 - INFO - 模型已保存到: ./A3CModels/a3c_model_PongNoFrameskip-v4_step_4126342.pth
2025-10-31 20:59:11,016 - INFO - 进程 2 - 回合 1205: 奖励 = -21.00, 平均奖励 (最近5回合): -20.40, 总步数: 4126439
2025-10-31 20:59:15,039 - INFO - 进程 1 - 回合 1205: 奖励 = -21.00, 平均奖励 (最近5回合): -20.60, 总步数: 4131101
2025-10-31 20:59:15,789 - INFO - 进程 0 - 回合 1205: 奖励 = -21.00, 平均奖励 (最近5回合): -20.80, 总步数: 4131976
2025-10-31 20:59:20,950 - INFO - 模型已保存到: ./A3CModels/a3c_model_PongNoFrameskip-v4_step_4137921.pth
2025-10-31 20:59:21,730 - INFO - 进程 3 - 回合 1205: 奖励 = -21.00, 平均奖励 (最近5回合): -20.40, 总步数: 4138833
2025-10-31 20:59:25,129 - INFO - 进程 2 - 回合 1210: 奖励 = -21.00, 平均奖励 (最近5回合): -20.40, 总步数: 4142675
2025-10-31 20:59:29,208 - INFO - 进程 1 - 回合 1210: 奖励 = -20.00, 平均奖励 (最近5回合): -20.60, 总步数: 4147384
2025-10-31 20:59:30,364 - INFO - 进程 0 - 回合 1210: 奖励 = -21.00, 平均奖励 (最近5回合): -20.20, 总步数: 4148710
2025-10-31 20:59:30,961 - INFO - 模型已保存到: ./A3CModels/a3c_model_PongNoFrameskip-v4_step_4149389.pth
2025-10-31 20:59:36,057 - INFO - 进程 3 - 回合 1210: 奖励 = -21.00, 平均奖励 (最近5回合): -20.40, 总步数: 4155296
2025-10-31 20:59:39,741 - INFO - 进程 2 - 回合 1215: 奖励 = -21.00, 平均奖励 (最近5回合): -20.60, 总步数: 4159507
2025-10-31 20:59:40,972 - INFO - 模型已保存到: ./A3CModels/a3c_model_PongNoFrameskip-v4_step_4160938.pth
2025-10-31 20:59:43,530 - INFO - 进程 1 - 回合 1215: 奖励 = -21.00, 平均奖励 (最近5回合): -20.60, 总步数: 4163902
2025-10-31 20:59:44,353 - INFO - 进程 0 - 回合 1215: 奖励 = -21.00, 平均奖励 (最近5回合): -20.80, 总步数: 4164879
2025-10-31 20:59:49,982 - INFO - 进程 3 - 回合 1215: 奖励 = -21.00, 平均奖励 (最近5回合): -21.00, 总步数: 4171431
2025-10-31 20:59:50,981 - INFO - 模型已保存到: ./A3CModels/a3c_model_PongNoFrameskip-v4_step_4172589.pth
2025-10-31 20:59:53,761 - INFO - 进程 2 - 回合 1220: 奖励 = -21.00, 平均奖励 (最近5回合): -21.00, 总步数: 4175827
2025-10-31 20:59:58,111 - INFO - 进程 1 - 回合 1220: 奖励 = -21.00, 平均奖励 (最近5回合): -20.80, 总步数: 4180817
2025-10-31 20:59:58,159 - INFO - 进程 0 - 回合 1220: 奖励 = -21.00, 平均奖励 (最近5回合): -20.80, 总步数: 4180869
2025-10-31 21:00:00,993 - INFO - 模型已保存到: ./A3CModels/a3c_model_PongNoFrameskip-v4_step_4184168.pth
2025-10-31 21:00:04,153 - INFO - 进程 3 - 回合 1220: 奖励 = -21.00, 平均奖励 (最近5回合): -20.60, 总步数: 4187841
2025-10-31 21:00:08,155 - INFO - 进程 2 - 回合 1225: 奖励 = -21.00, 平均奖励 (最近5回合): -20.40, 总步数: 4192461
2025-10-31 21:00:11,009 - INFO - 模型已保存到: ./A3CModels/a3c_model_PongNoFrameskip-v4_step_4195681.pth
2025-10-31 21:00:12,724 - INFO - 进程 0 - 回合 1225: 奖励 = -21.00, 平均奖励 (最近5回合): -21.00, 总步数: 4197690
2025-10-31 21:00:12,769 - INFO - 进程 1 - 回合 1225: 奖励 = -21.00, 平均奖励 (最近5回合): -20.80, 总步数: 4197735
2025-10-31 21:00:18,432 - INFO - 进程 3 - 回合 1225: 奖励 = -21.00, 平均奖励 (最近5回合): -21.00, 总步数: 4204267
2025-10-31 21:00:21,025 - INFO - 模型已保存到: ./A3CModels/a3c_model_PongNoFrameskip-v4_step_4207264.pth
2025-10-31 21:00:22,379 - INFO - 进程 2 - 回合 1230: 奖励 = -21.00, 平均奖励 (最近5回合): -21.00, 总步数: 4208840
2025-10-31 21:00:26,672 - INFO - 进程 0 - 回合 1230: 奖励 = -21.00, 平均奖励 (最近5回合): -20.80, 总步数: 4213696
2025-10-31 21:00:27,551 - INFO - 进程 1 - 回合 1230: 奖励 = -21.00, 平均奖励 (最近5回合): -20.60, 总步数: 4214699
2025-10-31 21:00:31,035 - INFO - 模型已保存到: ./A3CModels/a3c_model_PongNoFrameskip-v4_step_4218725.pth
2025-10-31 21:00:32,720 - INFO - 进程 3 - 回合 1230: 奖励 = -21.00, 平均奖励 (最近5回合): -21.00, 总步数: 4220687
2025-10-31 21:00:36,896 - INFO - 进程 2 - 回合 1235: 奖励 = -21.00, 平均奖励 (最近5回合): -21.00, 总步数: 4225518
2025-10-31 21:00:41,052 - INFO - 模型已保存到: ./A3CModels/a3c_model_PongNoFrameskip-v4_step_4230246.pth
2025-10-31 21:00:41,136 - INFO - 进程 0 - 回合 1235: 奖励 = -21.00, 平均奖励 (最近5回合): -20.60, 总步数: 4230353
2025-10-31 21:00:42,071 - INFO - 进程 1 - 回合 1235: 奖励 = -20.00, 平均奖励 (最近5回合): -20.60, 总步数: 4231443
2025-10-31 21:00:47,061 - INFO - 进程 3 - 回合 1235: 奖励 = -21.00, 平均奖励 (最近5回合): -20.80, 总步数: 4237231
2025-10-31 21:00:51,061 - INFO - 模型已保存到: ./A3CModels/a3c_model_PongNoFrameskip-v4_step_4241876.pth
2025-10-31 21:00:51,601 - INFO - 进程 2 - 回合 1240: 奖励 = -21.00, 平均奖励 (最近5回合): -20.80, 总步数: 4242517
2025-10-31 21:00:55,750 - INFO - 进程 0 - 回合 1240: 奖励 = -20.00, 平均奖励 (最近5回合): -20.60, 总步数: 4247293
2025-10-31 21:00:56,610 - INFO - 进程 1 - 回合 1240: 奖励 = -21.00, 平均奖励 (最近5回合): -20.60, 总步数: 4248300
2025-10-31 21:01:01,078 - INFO - 模型已保存到: ./A3CModels/a3c_model_PongNoFrameskip-v4_step_4253437.pth
2025-10-31 21:01:01,240 - INFO - 进程 3 - 回合 1240: 奖励 = -21.00, 平均奖励 (最近5回合): -21.00, 总步数: 4253630
2025-10-31 21:01:07,576 - INFO - 进程 2 - 回合 1245: 奖励 = -20.00, 平均奖励 (最近5回合): -20.20, 总步数: 4261008
2025-10-31 21:01:10,911 - INFO - 进程 0 - 回合 1245: 奖励 = -20.00, 平均奖励 (最近5回合): -20.60, 总步数: 4264817
2025-10-31 21:01:11,093 - INFO - 模型已保存到: ./A3CModels/a3c_model_PongNoFrameskip-v4_step_4265014.pth
2025-10-31 21:01:12,545 - INFO - 进程 1 - 回合 1245: 奖励 = -21.00, 平均奖励 (最近5回合): -20.80, 总步数: 4266711
2025-10-31 21:01:16,738 - INFO - 进程 3 - 回合 1245: 奖励 = -21.00, 平均奖励 (最近5回合): -20.20, 总步数: 4271584
2025-10-31 21:01:21,109 - INFO - 模型已保存到: ./A3CModels/a3c_model_PongNoFrameskip-v4_step_4276649.pth
2025-10-31 21:01:24,040 - INFO - 进程 2 - 回合 1250: 奖励 = -20.00, 平均奖励 (最近5回合): -20.20, 总步数: 4280031
2025-10-31 21:01:27,657 - INFO - 进程 1 - 回合 1250: 奖励 = -21.00, 平均奖励 (最近5回合): -20.80, 总步数: 4284132
2025-10-31 21:01:28,404 - INFO - 进程 0 - 回合 1250: 奖励 = -19.00, 平均奖励 (最近5回合): -20.00, 总步数: 4284984
2025-10-31 21:01:31,125 - INFO - 模型已保存到: ./A3CModels/a3c_model_PongNoFrameskip-v4_step_4288095.pth
2025-10-31 21:01:32,075 - INFO - 进程 3 - 回合 1250: 奖励 = -20.00, 平均奖励 (最近5回合): -20.60, 总步数: 4289202
2025-10-31 21:01:39,532 - INFO - 进程 2 - 回合 1255: 奖励 = -20.00, 平均奖励 (最近5回合): -20.40, 总步数: 4297711
2025-10-31 21:01:41,135 - INFO - 模型已保存到: ./A3CModels/a3c_model_PongNoFrameskip-v4_step_4299574.pth
2025-10-31 21:01:43,047 - INFO - 进程 1 - 回合 1255: 奖励 = -18.00, 平均奖励 (最近5回合): -20.40, 总步数: 4301791
2025-10-31 21:01:43,811 - INFO - 进程 0 - 回合 1255: 奖励 = -21.00, 平均奖励 (最近5回合): -20.40, 总步数: 4302688
2025-10-31 21:01:48,056 - INFO - 进程 3 - 回合 1255: 奖励 = -20.00, 平均奖励 (最近5回合): -20.40, 总步数: 4307661
2025-10-31 21:01:51,151 - INFO - 模型已保存到: ./A3CModels/a3c_model_PongNoFrameskip-v4_step_4311242.pth
2025-10-31 21:01:55,074 - INFO - 进程 2 - 回合 1260: 奖励 = -20.00, 平均奖励 (最近5回合): -20.40, 总步数: 4315755
2025-10-31 21:01:58,891 - INFO - 进程 1 - 回合 1260: 奖励 = -21.00, 平均奖励 (最近5回合): -20.80, 总步数: 4320202
2025-10-31 21:01:59,748 - INFO - 进程 0 - 回合 1260: 奖励 = -21.00, 平均奖励 (最近5回合): -20.60, 总步数: 4321202
2025-10-31 21:02:01,161 - INFO - 模型已保存到: ./A3CModels/a3c_model_PongNoFrameskip-v4_step_4322857.pth
2025-10-31 21:02:03,853 - INFO - 进程 3 - 回合 1260: 奖励 = -19.00, 平均奖励 (最近5回合): -20.00, 总步数: 4325981
2025-10-31 21:02:10,864 - INFO - 进程 2 - 回合 1265: 奖励 = -19.00, 平均奖励 (最近5回合): -19.80, 总步数: 4334037
2025-10-31 21:02:10,864 - INFO - 🎯 进程 2 开始学习! 平均奖励: -19.80
2025-10-31 21:02:11,178 - INFO - 模型已保存到: ./A3CModels/a3c_model_PongNoFrameskip-v4_step_4334374.pth
2025-10-31 21:02:14,125 - INFO - 进程 1 - 回合 1265: 奖励 = -20.00, 平均奖励 (最近5回合): -20.20, 总步数: 4337772
2025-10-31 21:02:15,356 - INFO - 进程 0 - 回合 1265: 奖励 = -20.00, 平均奖励 (最近5回合): -20.20, 总步数: 4339182
2025-10-31 21:02:18,522 - INFO - 进程 3 - 回合 1265: 奖励 = -21.00, 平均奖励 (最近5回合): -20.40, 总步数: 4342831
2025-10-31 21:02:21,188 - INFO - 模型已保存到: ./A3CModels/a3c_model_PongNoFrameskip-v4_step_4345932.pth
2025-10-31 21:02:25,052 - INFO - 进程 2 - 回合 1270: 奖励 = -21.00, 平均奖励 (最近5回合): -20.80, 总步数: 4350359
2025-10-31 21:02:28,456 - INFO - 进程 1 - 回合 1270: 奖励 = -21.00, 平均奖励 (最近5回合): -20.40, 总步数: 4354256
2025-10-31 21:02:29,705 - INFO - 进程 0 - 回合 1270: 奖励 = -20.00, 平均奖励 (最近5回合): -20.40, 总步数: 4355689
2025-10-31 21:02:31,199 - INFO - 模型已保存到: ./A3CModels/a3c_model_PongNoFrameskip-v4_step_4357400.pth
2025-10-31 21:02:33,093 - INFO - 进程 3 - 回合 1270: 奖励 = -20.00, 平均奖励 (最近5回合): -20.20, 总步数: 4359601
2025-10-31 21:02:39,385 - INFO - 进程 2 - 回合 1275: 奖励 = -21.00, 平均奖励 (最近5回合): -20.40, 总步数: 4366856
2025-10-31 21:02:41,215 - INFO - 模型已保存到: ./A3CModels/a3c_model_PongNoFrameskip-v4_step_4368937.pth
2025-10-31 21:02:42,786 - INFO - 进程 1 - 回合 1275: 奖励 = -20.00, 平均奖励 (最近5回合): -20.80, 总步数: 4370763
2025-10-31 21:02:44,096 - INFO - 进程 0 - 回合 1275: 奖励 = -20.00, 平均奖励 (最近5回合): -20.20, 总步数: 4372287
2025-10-31 21:02:47,468 - INFO - 进程 3 - 回合 1275: 奖励 = -20.00, 平均奖励 (最近5回合): -20.20, 总步数: 4376194
2025-10-31 21:02:51,226 - INFO - 模型已保存到: ./A3CModels/a3c_model_PongNoFrameskip-v4_step_4380547.pth
2025-10-31 21:02:53,827 - INFO - 进程 2 - 回合 1280: 奖励 = -20.00, 平均奖励 (最近5回合): -20.40, 总步数: 4383530
2025-10-31 21:02:57,274 - INFO - 进程 1 - 回合 1280: 奖励 = -20.00, 平均奖励 (最近5回合): -20.40, 总步数: 4387432
2025-10-31 21:02:58,756 - INFO - 进程 0 - 回合 1280: 奖励 = -20.00, 平均奖励 (最近5回合): -20.00, 总步数: 4389146
2025-10-31 21:03:01,242 - INFO - 模型已保存到: ./A3CModels/a3c_model_PongNoFrameskip-v4_step_4392019.pth
2025-10-31 21:03:02,211 - INFO - 进程 3 - 回合 1280: 奖励 = -21.00, 平均奖励 (最近5回合): -20.40, 总步数: 4393137
2025-10-31 21:03:08,607 - INFO - 进程 2 - 回合 1285: 奖励 = -20.00, 平均奖励 (最近5回合): -20.40, 总步数: 4400499
2025-10-31 21:03:11,139 - INFO - 进程 1 - 回合 1285: 奖励 = -21.00, 平均奖励 (最近5回合): -20.80, 总步数: 4403337
2025-10-31 21:03:11,258 - INFO - 模型已保存到: ./A3CModels/a3c_model_PongNoFrameskip-v4_step_4403461.pth
2025-10-31 21:03:13,176 - INFO - 进程 0 - 回合 1285: 奖励 = -20.00, 平均奖励 (最近5回合): -20.20, 总步数: 4405716
2025-10-31 21:03:16,456 - INFO - 进程 3 - 回合 1285: 奖励 = -21.00, 平均奖励 (最近5回合): -20.40, 总步数: 4409535
2025-10-31 21:03:21,270 - INFO - 模型已保存到: ./A3CModels/a3c_model_PongNoFrameskip-v4_step_4415021.pth
2025-10-31 21:03:23,137 - INFO - 进程 2 - 回合 1290: 奖励 = -21.00, 平均奖励 (最近5回合): -20.40, 总步数: 4417212
2025-10-31 21:03:26,468 - INFO - 进程 1 - 回合 1290: 奖励 = -20.00, 平均奖励 (最近5回合): -19.80, 总步数: 4420987
2025-10-31 21:03:26,469 - INFO - 🎯 进程 1 开始学习! 平均奖励: -19.80
2025-10-31 21:03:27,702 - INFO - 进程 0 - 回合 1290: 奖励 = -21.00, 平均奖励 (最近5回合): -20.40, 总步数: 4422424
2025-10-31 21:03:30,748 - INFO - 进程 3 - 回合 1290: 奖励 = -21.00, 平均奖励 (最近5回合): -20.60, 总步数: 4425963
2025-10-31 21:03:31,286 - INFO - 模型已保存到: ./A3CModels/a3c_model_PongNoFrameskip-v4_step_4426572.pth
2025-10-31 21:03:37,722 - INFO - 进程 2 - 回合 1295: 奖励 = -20.00, 平均奖励 (最近5回合): -20.20, 总步数: 4433996
2025-10-31 21:03:40,820 - INFO - 进程 1 - 回合 1295: 奖励 = -21.00, 平均奖励 (最近5回合): -20.40, 总步数: 4437542
2025-10-31 21:03:41,295 - INFO - 模型已保存到: ./A3CModels/a3c_model_PongNoFrameskip-v4_step_4438085.pth
2025-10-31 21:03:42,107 - INFO - 进程 0 - 回合 1295: 奖励 = -21.00, 平均奖励 (最近5回合): -20.40, 总步数: 4439023
2025-10-31 21:03:45,721 - INFO - 进程 3 - 回合 1295: 奖励 = -20.00, 平均奖励 (最近5回合): -20.20, 总步数: 4443243
2025-10-31 21:03:51,305 - INFO - 模型已保存到: ./A3CModels/a3c_model_PongNoFrameskip-v4_step_4449725.pth
2025-10-31 21:03:53,571 - INFO - 进程 2 - 回合 1300: 奖励 = -21.00, 平均奖励 (最近5回合): -19.60, 总步数: 4452389
2025-10-31 21:03:53,571 - INFO - 🎯 进程 2 开始学习! 平均奖励: -19.60
2025-10-31 21:03:56,058 - INFO - 进程 1 - 回合 1300: 奖励 = -21.00, 平均奖励 (最近5回合): -20.00, 总步数: 4455195
2025-10-31 21:03:57,788 - INFO - 进程 0 - 回合 1300: 奖励 = -18.00, 平均奖励 (最近5回合): -19.40, 总步数: 4457193
2025-10-31 21:03:57,789 - INFO - 🎯 进程 0 开始学习! 平均奖励: -19.40
2025-10-31 21:04:01,315 - INFO - 模型已保存到: ./A3CModels/a3c_model_PongNoFrameskip-v4_step_4461267.pth
2025-10-31 21:04:01,917 - INFO - 进程 3 - 回合 1300: 奖励 = -21.00, 平均奖励 (最近5回合): -19.40, 总步数: 4461987
2025-10-31 21:04:01,917 - INFO - 🎯 进程 3 开始学习! 平均奖励: -19.40
2025-10-31 21:04:07,915 - INFO - 进程 2 - 回合 1305: 奖励 = -20.00, 平均奖励 (最近5回合): -20.60, 总步数: 4468939
2025-10-31 21:04:10,764 - INFO - 进程 1 - 回合 1305: 奖励 = -20.00, 平均奖励 (最近5回合): -20.60, 总步数: 4472169
2025-10-31 21:04:11,325 - INFO - 模型已保存到: ./A3CModels/a3c_model_PongNoFrameskip-v4_step_4472823.pth
2025-10-31 21:04:13,982 - INFO - 进程 0 - 回合 1305: 奖励 = -18.00, 平均奖励 (最近5回合): -19.60, 总步数: 4475942
2025-10-31 21:04:13,983 - INFO - 🎯 进程 0 开始学习! 平均奖励: -19.60
2025-10-31 21:04:18,619 - INFO - 进程 3 - 回合 1305: 奖励 = -19.00, 平均奖励 (最近5回合): -19.00, 总步数: 4481369
2025-10-31 21:04:18,619 - INFO - 🎯 进程 3 开始学习! 平均奖励: -19.00
2025-10-31 21:04:21,337 - INFO - 模型已保存到: ./A3CModels/a3c_model_PongNoFrameskip-v4_step_4484529.pth
2025-10-31 21:04:23,051 - INFO - 进程 2 - 回合 1310: 奖励 = -21.00, 平均奖励 (最近5回合): -20.40, 总步数: 4486526
2025-10-31 21:04:28,189 - INFO - 进程 1 - 回合 1310: 奖励 = -19.00, 平均奖励 (最近5回合): -18.60, 总步数: 4492379
2025-10-31 21:04:28,189 - INFO - 🎯 进程 1 开始学习! 平均奖励: -18.60
2025-10-31 21:04:29,340 - INFO - 进程 0 - 回合 1310: 奖励 = -19.00, 平均奖励 (最近5回合): -20.00, 总步数: 4493712
2025-10-31 21:04:31,347 - INFO - 模型已保存到: ./A3CModels/a3c_model_PongNoFrameskip-v4_step_4496022.pth
2025-10-31 21:04:33,768 - INFO - 进程 3 - 回合 1310: 奖励 = -20.00, 平均奖励 (最近5回合): -20.40, 总步数: 4498842
2025-10-31 21:04:37,885 - INFO - 进程 2 - 回合 1315: 奖励 = -21.00, 平均奖励 (最近5回合): -20.40, 总步数: 4503592
2025-10-31 21:04:41,363 - INFO - 模型已保存到: ./A3CModels/a3c_model_PongNoFrameskip-v4_step_4507518.pth
2025-10-31 21:04:43,250 - INFO - 进程 1 - 回合 1315: 奖励 = -20.00, 平均奖励 (最近5回合): -20.40, 总步数: 4509719
2025-10-31 21:04:44,710 - INFO - 进程 0 - 回合 1315: 奖励 = -21.00, 平均奖励 (最近5回合): -20.00, 总步数: 4511410
2025-10-31 21:04:51,252 - INFO - 进程 3 - 回合 1315: 奖励 = -20.00, 平均奖励 (最近5回合): -19.20, 总步数: 4518864
2025-10-31 21:04:51,252 - INFO - 🎯 进程 3 开始学习! 平均奖励: -19.20
2025-10-31 21:04:51,374 - INFO - 模型已保存到: ./A3CModels/a3c_model_PongNoFrameskip-v4_step_4518996.pth
2025-10-31 21:04:52,926 - INFO - 进程 2 - 回合 1320: 奖励 = -21.00, 平均奖励 (最近5回合): -20.20, 总步数: 4520804
2025-10-31 21:04:56,385 - INFO - 模型已保存到: ./A3CModels/a3c_model_PongNoFrameskip-v4_checkpoint_step_4524712.pth
2025-10-31 21:04:59,679 - INFO - 进程 1 - 回合 1320: 奖励 = -19.00, 平均奖励 (最近5回合): -19.80, 总步数: 4528449
2025-10-31 21:04:59,679 - INFO - 🎯 进程 1 开始学习! 平均奖励: -19.80
2025-10-31 21:05:01,336 - INFO - 进程 0 - 回合 1320: 奖励 = -18.00, 平均奖励 (最近5回合): -19.60, 总步数: 4530362
2025-10-31 21:05:01,336 - INFO - 🎯 进程 0 开始学习! 平均奖励: -19.60
2025-10-31 21:05:01,400 - INFO - 模型已保存到: ./A3CModels/a3c_model_PongNoFrameskip-v4_step_4530419.pth
2025-10-31 21:05:07,752 - INFO - 进程 3 - 回合 1320: 奖励 = -21.00, 平均奖励 (最近5回合): -19.40, 总步数: 4537748
2025-10-31 21:05:07,753 - INFO - 🎯 进程 3 开始学习! 平均奖励: -19.40
2025-10-31 21:05:10,394 - INFO - 进程 2 - 回合 1325: 奖励 = -20.00, 平均奖励 (最近5回合): -19.00, 总步数: 4540759
2025-10-31 21:05:10,394 - INFO - 🎯 进程 2 开始学习! 平均奖励: -19.00
2025-10-31 21:05:11,416 - INFO - 模型已保存到: ./A3CModels/a3c_model_PongNoFrameskip-v4_step_4541913.pth
2025-10-31 21:05:16,124 - INFO - 进程 1 - 回合 1325: 奖励 = -20.00, 平均奖励 (最近5回合): -19.40, 总步数: 4547414
2025-10-31 21:05:16,124 - INFO - 🎯 进程 1 开始学习! 平均奖励: -19.40
2025-10-31 21:05:16,374 - INFO - 进程 0 - 回合 1325: 奖励 = -20.00, 平均奖励 (最近5回合): -20.00, 总步数: 4547701
2025-10-31 21:05:21,427 - INFO - 模型已保存到: ./A3CModels/a3c_model_PongNoFrameskip-v4_step_4553581.pth
2025-10-31 21:05:22,887 - INFO - 进程 3 - 回合 1325: 奖励 = -20.00, 平均奖励 (最近5回合): -20.00, 总步数: 4555258
2025-10-31 21:05:25,652 - INFO - 进程 2 - 回合 1330: 奖励 = -20.00, 平均奖励 (最近5回合): -19.80, 总步数: 4558402
2025-10-31 21:05:25,652 - INFO - 🎯 进程 2 开始学习! 平均奖励: -19.80
2025-10-31 21:05:30,735 - INFO - 进程 1 - 回合 1330: 奖励 = -20.00, 平均奖励 (最近5回合): -20.20, 总步数: 4564272
2025-10-31 21:05:31,307 - INFO - 进程 0 - 回合 1330: 奖励 = -20.00, 平均奖励 (最近5回合): -19.80, 总步数: 4564926
2025-10-31 21:05:31,307 - INFO - 🎯 进程 0 开始学习! 平均奖励: -19.80
2025-10-31 21:05:31,438 - INFO - 模型已保存到: ./A3CModels/a3c_model_PongNoFrameskip-v4_step_4565075.pth
2025-10-31 21:05:38,129 - INFO - 进程 3 - 回合 1330: 奖励 = -19.00, 平均奖励 (最近5回合): -20.00, 总步数: 4572869
2025-10-31 21:05:40,534 - INFO - 进程 2 - 回合 1335: 奖励 = -20.00, 平均奖励 (最近5回合): -20.00, 总步数: 4575547
2025-10-31 21:05:41,449 - INFO - 模型已保存到: ./A3CModels/a3c_model_PongNoFrameskip-v4_step_4576598.pth
2025-10-31 21:05:45,345 - INFO - 进程 0 - 回合 1335: 奖励 = -20.00, 平均奖励 (最近5回合): -20.60, 总步数: 4581105
2025-10-31 21:05:45,366 - INFO - 进程 1 - 回合 1335: 奖励 = -21.00, 平均奖励 (最近5回合): -20.40, 总步数: 4581122
2025-10-31 21:05:51,460 - INFO - 模型已保存到: ./A3CModels/a3c_model_PongNoFrameskip-v4_step_4588183.pth
2025-10-31 21:05:53,879 - INFO - 进程 3 - 回合 1335: 奖励 = -20.00, 平均奖励 (最近5回合): -19.80, 总步数: 4591011
2025-10-31 21:05:53,879 - INFO - 🎯 进程 3 开始学习! 平均奖励: -19.80
2025-10-31 21:05:55,839 - INFO - 进程 2 - 回合 1340: 奖励 = -20.00, 平均奖励 (最近5回合): -20.00, 总步数: 4593224
2025-10-31 21:05:59,732 - INFO - 进程 0 - 回合 1340: 奖励 = -21.00, 平均奖励 (最近5回合): -20.80, 总步数: 4597743
2025-10-31 21:06:00,746 - INFO - 进程 1 - 回合 1340: 奖励 = -21.00, 平均奖励 (最近5回合): -19.80, 总步数: 4598905
2025-10-31 21:06:00,746 - INFO - 🎯 进程 1 开始学习! 平均奖励: -19.80
2025-10-31 21:06:01,475 - INFO - 模型已保存到: ./A3CModels/a3c_model_PongNoFrameskip-v4_step_4599740.pth
2025-10-31 21:06:07,664 - INFO - 进程 3 - 回合 1340: 奖励 = -21.00, 平均奖励 (最近5回合): -20.80, 总步数: 4606867
2025-10-31 21:06:09,140 - INFO - 进程 2 - 回合 1345: 奖励 = -21.00, 平均奖励 (最近5回合): -21.00, 总步数: 4608562
2025-10-31 21:06:11,487 - INFO - 模型已保存到: ./A3CModels/a3c_model_PongNoFrameskip-v4_step_4611210.pth
2025-10-31 21:06:12,960 - INFO - 进程 0 - 回合 1345: 奖励 = -21.00, 平均奖励 (最近5回合): -21.00, 总步数: 4612932
2025-10-31 21:06:14,049 - INFO - 进程 1 - 回合 1345: 奖励 = -21.00, 平均奖励 (最近5回合): -21.00, 总步数: 4614195
2025-10-31 21:06:20,944 - INFO - 进程 3 - 回合 1345: 奖励 = -21.00, 平均奖励 (最近5回合): -21.00, 总步数: 4622206
2025-10-31 21:06:21,498 - INFO - 模型已保存到: ./A3CModels/a3c_model_PongNoFrameskip-v4_step_4622835.pth
2025-10-31 21:06:22,350 - INFO - 进程 2 - 回合 1350: 奖励 = -21.00, 平均奖励 (最近5回合): -21.00, 总步数: 4623828
2025-10-31 21:06:26,176 - INFO - 进程 0 - 回合 1350: 奖励 = -21.00, 平均奖励 (最近5回合): -21.00, 总步数: 4628204
2025-10-31 21:06:27,280 - INFO - 进程 1 - 回合 1350: 奖励 = -21.00, 平均奖励 (最近5回合): -21.00, 总步数: 4629474
2025-10-31 21:06:31,509 - INFO - 模型已保存到: ./A3CModels/a3c_model_PongNoFrameskip-v4_step_4634304.pth
2025-10-31 21:06:34,334 - INFO - 进程 3 - 回合 1350: 奖励 = -21.00, 平均奖励 (最近5回合): -21.00, 总步数: 4637539
2025-10-31 21:06:35,665 - INFO - 进程 2 - 回合 1355: 奖励 = -21.00, 平均奖励 (最近5回合): -21.00, 总步数: 4639060
2025-10-31 21:06:39,502 - INFO - 进程 0 - 回合 1355: 奖励 = -21.00, 平均奖励 (最近5回合): -21.00, 总步数: 4643478
2025-10-31 21:06:40,677 - INFO - 进程 1 - 回合 1355: 奖励 = -21.00, 平均奖励 (最近5回合): -21.00, 总步数: 4644741
2025-10-31 21:06:41,526 - INFO - 模型已保存到: ./A3CModels/a3c_model_PongNoFrameskip-v4_step_4645710.pth
2025-10-31 21:06:47,732 - INFO - 进程 3 - 回合 1355: 奖励 = -21.00, 平均奖励 (最近5回合): -21.00, 总步数: 4652835
2025-10-31 21:06:49,121 - INFO - 进程 2 - 回合 1360: 奖励 = -21.00, 平均奖励 (最近5回合): -21.00, 总步数: 4654406
2025-10-31 21:06:51,542 - INFO - 模型已保存到: ./A3CModels/a3c_model_PongNoFrameskip-v4_step_4657182.pth
2025-10-31 21:06:52,781 - INFO - 进程 0 - 回合 1360: 奖励 = -21.00, 平均奖励 (最近5回合): -21.00, 总步数: 4658636
2025-10-31 21:06:54,026 - INFO - 进程 1 - 回合 1360: 奖励 = -21.00, 平均奖励 (最近5回合): -21.00, 总步数: 4660091
2025-10-31 21:07:01,072 - INFO - 进程 3 - 回合 1360: 奖励 = -21.00, 平均奖励 (最近5回合): -21.00, 总步数: 4668101
2025-10-31 21:07:01,558 - INFO - 模型已保存到: ./A3CModels/a3c_model_PongNoFrameskip-v4_step_4668640.pth
2025-10-31 21:07:02,533 - INFO - 进程 2 - 回合 1365: 奖励 = -21.00, 平均奖励 (最近5回合): -21.00, 总步数: 4669763
2025-10-31 21:07:06,000 - INFO - 进程 0 - 回合 1365: 奖励 = -21.00, 平均奖励 (最近5回合): -21.00, 总步数: 4673806
2025-10-31 21:07:07,403 - INFO - 进程 1 - 回合 1365: 奖励 = -21.00, 平均奖励 (最近5回合): -21.00, 总步数: 4675412
2025-10-31 21:07:11,574 - INFO - 模型已保存到: ./A3CModels/a3c_model_PongNoFrameskip-v4_step_4680096.pth
2025-10-31 21:07:14,345 - INFO - 进程 3 - 回合 1365: 奖励 = -21.00, 平均奖励 (最近5回合): -21.00, 总步数: 4683315
2025-10-31 21:07:15,933 - INFO - 进程 2 - 回合 1370: 奖励 = -21.00, 平均奖励 (最近5回合): -21.00, 总步数: 4685160
2025-10-31 21:07:19,325 - INFO - 进程 0 - 回合 1370: 奖励 = -21.00, 平均奖励 (最近5回合): -21.00, 总步数: 4689025
2025-10-31 21:07:20,767 - INFO - 进程 1 - 回合 1370: 奖励 = -21.00, 平均奖励 (最近5回合): -21.00, 总步数: 4690696
2025-10-31 21:07:21,590 - INFO - 模型已保存到: ./A3CModels/a3c_model_PongNoFrameskip-v4_step_4691638.pth
2025-10-31 21:07:27,694 - INFO - 进程 3 - 回合 1370: 奖励 = -21.00, 平均奖励 (最近5回合): -21.00, 总步数: 4698605
2025-10-31 21:07:29,351 - INFO - 进程 2 - 回合 1375: 奖励 = -21.00, 平均奖励 (最近5回合): -21.00, 总步数: 4700502
2025-10-31 21:07:31,602 - INFO - 模型已保存到: ./A3CModels/a3c_model_PongNoFrameskip-v4_step_4703070.pth
2025-10-31 21:07:32,603 - INFO - 进程 0 - 回合 1375: 奖励 = -21.00, 平均奖励 (最近5回合): -21.00, 总步数: 4704239
2025-10-31 21:07:34,067 - INFO - 进程 1 - 回合 1375: 奖励 = -21.00, 平均奖励 (最近5回合): -21.00, 总步数: 4705974
2025-10-31 21:07:40,801 - INFO - 进程 3 - 回合 1375: 奖励 = -21.00, 平均奖励 (最近5回合): -21.00, 总步数: 4713891
2025-10-31 21:07:41,618 - INFO - 模型已保存到: ./A3CModels/a3c_model_PongNoFrameskip-v4_step_4714879.pth
2025-10-31 21:07:42,375 - INFO - 进程 2 - 回合 1380: 奖励 = -21.00, 平均奖励 (最近5回合): -21.00, 总步数: 4715780
2025-10-31 21:07:45,490 - INFO - 进程 0 - 回合 1380: 奖励 = -21.00, 平均奖励 (最近5回合): -21.00, 总步数: 4719483
2025-10-31 21:07:47,009 - INFO - 进程 1 - 回合 1380: 奖励 = -21.00, 平均奖励 (最近5回合): -21.00, 总步数: 4721289
2025-10-31 21:07:51,629 - INFO - 模型已保存到: ./A3CModels/a3c_model_PongNoFrameskip-v4_step_4726622.pth
2025-10-31 21:07:53,833 - INFO - 进程 3 - 回合 1380: 奖励 = -21.00, 平均奖励 (最近5回合): -21.00, 总步数: 4729184
2025-10-31 21:07:55,492 - INFO - 进程 2 - 回合 1385: 奖励 = -21.00, 平均奖励 (最近5回合): -21.00, 总步数: 4731037
2025-10-31 21:07:58,666 - INFO - 进程 0 - 回合 1385: 奖励 = -21.00, 平均奖励 (最近5回合): -21.00, 总步数: 4734712
2025-10-31 21:08:00,310 - INFO - 进程 1 - 回合 1385: 奖励 = -21.00, 平均奖励 (最近5回合): -21.00, 总步数: 4736624
2025-10-31 21:08:01,639 - INFO - 模型已保存到: ./A3CModels/a3c_model_PongNoFrameskip-v4_step_4738160.pth
2025-10-31 21:08:07,039 - INFO - 进程 3 - 回合 1385: 奖励 = -21.00, 平均奖励 (最近5回合): -21.00, 总步数: 4744467
2025-10-31 21:08:08,635 - INFO - 进程 2 - 回合 1390: 奖励 = -21.00, 平均奖励 (最近5回合): -21.00, 总步数: 4746359
2025-10-31 21:08:11,650 - INFO - 模型已保存到: ./A3CModels/a3c_model_PongNoFrameskip-v4_step_4749798.pth
2025-10-31 21:08:11,718 - INFO - 进程 0 - 回合 1390: 奖励 = -21.00, 平均奖励 (最近5回合): -21.00, 总步数: 4749884
2025-10-31 21:08:13,511 - INFO - 进程 1 - 回合 1390: 奖励 = -21.00, 平均奖励 (最近5回合): -21.00, 总步数: 4751972
2025-10-31 21:08:19,975 - INFO - 进程 3 - 回合 1390: 奖励 = -21.00, 平均奖励 (最近5回合): -21.00, 总步数: 4759688
2025-10-31 21:08:21,661 - INFO - 模型已保存到: ./A3CModels/a3c_model_PongNoFrameskip-v4_step_4761675.pth
2025-10-31 21:08:21,674 - INFO - 进程 2 - 回合 1395: 奖励 = -21.00, 平均奖励 (最近5回合): -21.00, 总步数: 4761691
2025-10-31 21:08:24,709 - INFO - 进程 0 - 回合 1395: 奖励 = -21.00, 平均奖励 (最近5回合): -21.00, 总步数: 4765139
2025-10-31 21:08:26,584 - INFO - 进程 1 - 回合 1395: 奖励 = -21.00, 平均奖励 (最近5回合): -21.00, 总步数: 4767304
2025-10-31 21:08:31,671 - INFO - 模型已保存到: ./A3CModels/a3c_model_PongNoFrameskip-v4_step_4773336.pth
2025-10-31 21:08:32,980 - INFO - 进程 3 - 回合 1395: 奖励 = -21.00, 平均奖励 (最近5回合): -21.00, 总步数: 4774883
2025-10-31 21:08:34,859 - INFO - 进程 2 - 回合 1400: 奖励 = -21.00, 平均奖励 (最近5回合): -21.00, 总步数: 4777058
2025-10-31 21:08:37,729 - INFO - 进程 0 - 回合 1400: 奖励 = -21.00, 平均奖励 (最近5回合): -21.00, 总步数: 4780322
2025-10-31 21:08:39,778 - INFO - 进程 1 - 回合 1400: 奖励 = -21.00, 平均奖励 (最近5回合): -21.00, 总步数: 4782627
2025-10-31 21:08:41,687 - INFO - 模型已保存到: ./A3CModels/a3c_model_PongNoFrameskip-v4_step_4784829.pth
2025-10-31 21:08:46,158 - INFO - 进程 3 - 回合 1400: 奖励 = -21.00, 平均奖励 (最近5回合): -21.00, 总步数: 4790150
2025-10-31 21:08:48,064 - INFO - 进程 2 - 回合 1405: 奖励 = -21.00, 平均奖励 (最近5回合): -21.00, 总步数: 4792397
2025-10-31 21:08:50,751 - INFO - 进程 0 - 回合 1405: 奖励 = -21.00, 平均奖励 (最近5回合): -21.00, 总步数: 4795563
2025-10-31 21:08:51,703 - INFO - 模型已保存到: ./A3CModels/a3c_model_PongNoFrameskip-v4_step_4796677.pth
2025-10-31 21:08:52,722 - INFO - 进程 1 - 回合 1405: 奖励 = -21.00, 平均奖励 (最近5回合): -21.00, 总步数: 4797890
2025-10-31 21:08:59,226 - INFO - 进程 3 - 回合 1405: 奖励 = -21.00, 平均奖励 (最近5回合): -21.00, 总步数: 4805432
2025-10-31 21:09:01,169 - INFO - 进程 2 - 回合 1410: 奖励 = -21.00, 平均奖励 (最近5回合): -21.00, 总步数: 4807678
2025-10-31 21:09:01,719 - INFO - 模型已保存到: ./A3CModels/a3c_model_PongNoFrameskip-v4_step_4808308.pth
2025-10-31 21:09:03,855 - INFO - 进程 0 - 回合 1410: 奖励 = -21.00, 平均奖励 (最近5回合): -21.00, 总步数: 4810826
2025-10-31 21:09:05,861 - INFO - 进程 1 - 回合 1410: 奖励 = -21.00, 平均奖励 (最近5回合): -21.00, 总步数: 4813204
2025-10-31 21:09:11,734 - INFO - 模型已保存到: ./A3CModels/a3c_model_PongNoFrameskip-v4_step_4820000.pth
2025-10-31 21:09:12,336 - INFO - 进程 3 - 回合 1410: 奖励 = -21.00, 平均奖励 (最近5回合): -21.00, 总步数: 4820722
2025-10-31 21:09:14,264 - INFO - 进程 2 - 回合 1415: 奖励 = -21.00, 平均奖励 (最近5回合): -21.00, 总步数: 4823002
2025-10-31 21:09:16,832 - INFO - 进程 0 - 回合 1415: 奖励 = -21.00, 平均奖励 (最近5回合): -21.00, 总步数: 4826063
2025-10-31 21:09:18,941 - INFO - 进程 1 - 回合 1415: 奖励 = -21.00, 平均奖励 (最近5回合): -21.00, 总步数: 4828538
2025-10-31 21:09:21,752 - INFO - 模型已保存到: ./A3CModels/a3c_model_PongNoFrameskip-v4_step_4831839.pth
2025-10-31 21:09:25,354 - INFO - 进程 3 - 回合 1415: 奖励 = -21.00, 平均奖励 (最近5回合): -21.00, 总步数: 4835986
2025-10-31 21:09:27,263 - INFO - 进程 2 - 回合 1420: 奖励 = -21.00, 平均奖励 (最近5回合): -21.00, 总步数: 4838260
2025-10-31 21:09:29,913 - INFO - 进程 0 - 回合 1420: 奖励 = -21.00, 平均奖励 (最近5回合): -21.00, 总步数: 4841308
2025-10-31 21:09:31,768 - INFO - 模型已保存到: ./A3CModels/a3c_model_PongNoFrameskip-v4_step_4843429.pth
2025-10-31 21:09:32,113 - INFO - 进程 1 - 回合 1420: 奖励 = -21.00, 平均奖励 (最近5回合): -21.00, 总步数: 4843846
2025-10-31 21:09:38,450 - INFO - 进程 3 - 回合 1420: 奖励 = -21.00, 平均奖励 (最近5回合): -21.00, 总步数: 4851301
2025-10-31 21:09:40,310 - INFO - 进程 2 - 回合 1425: 奖励 = -21.00, 平均奖励 (最近5回合): -21.00, 总步数: 4853432
2025-10-31 21:09:41,777 - INFO - 模型已保存到: ./A3CModels/a3c_model_PongNoFrameskip-v4_step_4855105.pth
2025-10-31 21:09:43,042 - INFO - 进程 0 - 回合 1425: 奖励 = -21.00, 平均奖励 (最近5回合): -21.00, 总步数: 4856550
2025-10-31 21:09:45,354 - INFO - 进程 1 - 回合 1425: 奖励 = -21.00, 平均奖励 (最近5回合): -21.00, 总步数: 4859197
2025-10-31 21:09:51,733 - INFO - 进程 3 - 回合 1425: 奖励 = -21.00, 平均奖励 (最近5回合): -21.00, 总步数: 4866665
2025-10-31 21:09:51,789 - INFO - 模型已保存到: ./A3CModels/a3c_model_PongNoFrameskip-v4_step_4866720.pth
2025-10-31 21:09:53,423 - INFO - 进程 2 - 回合 1430: 奖励 = -21.00, 平均奖励 (最近5回合): -21.00, 总步数: 4868672
2025-10-31 21:09:56,127 - INFO - 进程 0 - 回合 1430: 奖励 = -21.00, 平均奖励 (最近5回合): -21.00, 总步数: 4871775
2025-10-31 21:09:58,390 - INFO - 进程 1 - 回合 1430: 奖励 = -21.00, 平均奖励 (最近5回合): -21.00, 总步数: 4874450
2025-10-31 21:10:01,799 - INFO - 模型已保存到: ./A3CModels/a3c_model_PongNoFrameskip-v4_step_4878465.pth
2025-10-31 21:10:04,773 - INFO - 进程 3 - 回合 1430: 奖励 = -21.00, 平均奖励 (最近5回合): -21.00, 总步数: 4881995
2025-10-31 21:10:06,435 - INFO - 进程 2 - 回合 1435: 奖励 = -21.00, 平均奖励 (最近5回合): -21.00, 总步数: 4883963
2025-10-31 21:10:09,084 - INFO - 进程 0 - 回合 1435: 奖励 = -21.00, 平均奖励 (最近5回合): -21.00, 总步数: 4887034
2025-10-31 21:10:11,572 - INFO - 进程 1 - 回合 1435: 奖励 = -21.00, 平均奖励 (最近5回合): -21.00, 总步数: 4889772
2025-10-31 21:10:11,815 - INFO - 模型已保存到: ./A3CModels/a3c_model_PongNoFrameskip-v4_step_4890038.pth
2025-10-31 21:10:17,988 - INFO - 进程 3 - 回合 1435: 奖励 = -21.00, 平均奖励 (最近5回合): -21.00, 总步数: 4897310
2025-10-31 21:10:19,685 - INFO - 进程 2 - 回合 1440: 奖励 = -21.00, 平均奖励 (最近5回合): -21.00, 总步数: 4899303
2025-10-31 21:10:21,831 - INFO - 模型已保存到: ./A3CModels/a3c_model_PongNoFrameskip-v4_step_4901782.pth
2025-10-31 21:10:22,129 - INFO - 进程 0 - 回合 1440: 奖励 = -21.00, 平均奖励 (最近5回合): -21.00, 总步数: 4902139
2025-10-31 21:10:24,672 - INFO - 进程 1 - 回合 1440: 奖励 = -21.00, 平均奖励 (最近5回合): -21.00, 总步数: 4905127
2025-10-31 21:10:31,841 - INFO - 模型已保存到: ./A3CModels/a3c_model_PongNoFrameskip-v4_step_4913449.pth
2025-10-31 21:10:32,041 - INFO - 进程 3 - 回合 1440: 奖励 = -18.00, 平均奖励 (最近5回合): -20.40, 总步数: 4913691
2025-10-31 21:10:33,378 - INFO - 进程 2 - 回合 1445: 奖励 = -21.00, 平均奖励 (最近5回合): -21.00, 总步数: 4915294
2025-10-31 21:10:37,754 - INFO - 进程 0 - 回合 1445: 奖励 = -19.00, 平均奖励 (最近5回合): -19.60, 总步数: 4920435
2025-10-31 21:10:37,754 - INFO - 🎯 进程 0 开始学习! 平均奖励: -19.60
2025-10-31 21:10:39,704 - INFO - 进程 1 - 回合 1445: 奖励 = -20.00, 平均奖励 (最近5回合): -20.00, 总步数: 4922785
2025-10-31 21:10:41,852 - INFO - 模型已保存到: ./A3CModels/a3c_model_PongNoFrameskip-v4_step_4925264.pth
2025-10-31 21:10:47,125 - INFO - 进程 3 - 回合 1445: 奖励 = -21.00, 平均奖励 (最近5回合): -20.00, 总步数: 4931476
2025-10-31 21:10:47,850 - INFO - 进程 2 - 回合 1450: 奖励 = -21.00, 平均奖励 (最近5回合): -20.40, 总步数: 4932325
2025-10-31 21:10:51,444 - INFO - 进程 0 - 回合 1450: 奖励 = -21.00, 平均奖励 (最近5回合): -20.60, 总步数: 4936557
2025-10-31 21:10:51,864 - INFO - 模型已保存到: ./A3CModels/a3c_model_PongNoFrameskip-v4_step_4937037.pth
2025-10-31 21:10:54,331 - INFO - 进程 1 - 回合 1450: 奖励 = -20.00, 平均奖励 (最近5回合): -20.00, 总步数: 4939959
2025-10-31 21:11:01,792 - INFO - 进程 3 - 回合 1450: 奖励 = -20.00, 平均奖励 (最近5回合): -20.20, 总步数: 4948176
2025-10-31 21:11:01,875 - INFO - 模型已保存到: ./A3CModels/a3c_model_PongNoFrameskip-v4_step_4948266.pth
2025-10-31 21:11:02,415 - INFO - 进程 2 - 回合 1455: 奖励 = -20.00, 平均奖励 (最近5回合): -20.40, 总步数: 4948902
2025-10-31 21:11:05,662 - INFO - 进程 0 - 回合 1455: 奖励 = -21.00, 平均奖励 (最近5回合): -20.60, 总步数: 4952672
2025-10-31 21:11:08,944 - INFO - 进程 1 - 回合 1455: 奖励 = -21.00, 平均奖励 (最近5回合): -20.40, 总步数: 4956539
2025-10-31 21:11:11,891 - INFO - 模型已保存到: ./A3CModels/a3c_model_PongNoFrameskip-v4_step_4959876.pth
2025-10-31 21:11:16,166 - INFO - 进程 3 - 回合 1455: 奖励 = -20.00, 平均奖励 (最近5回合): -20.00, 总步数: 4964891
2025-10-31 21:11:16,536 - INFO - 进程 2 - 回合 1460: 奖励 = -21.00, 平均奖励 (最近5回合): -20.60, 总步数: 4965319
2025-10-31 21:11:19,701 - INFO - 进程 0 - 回合 1460: 奖励 = -20.00, 平均奖励 (最近5回合): -20.40, 总步数: 4969067
2025-10-31 21:11:21,903 - INFO - 模型已保存到: ./A3CModels/a3c_model_PongNoFrameskip-v4_step_4971712.pth
2025-10-31 21:11:23,300 - INFO - 进程 1 - 回合 1460: 奖励 = -20.00, 平均奖励 (最近5回合): -20.20, 总步数: 4973389
2025-10-31 21:11:30,035 - INFO - 进程 3 - 回合 1460: 奖励 = -20.00, 平均奖励 (最近5回合): -20.20, 总步数: 4981350
2025-10-31 21:11:30,851 - INFO - 进程 2 - 回合 1465: 奖励 = -20.00, 平均奖励 (最近5回合): -20.00, 总步数: 4982303
2025-10-31 21:11:31,914 - INFO - 模型已保存到: ./A3CModels/a3c_model_PongNoFrameskip-v4_step_4983539.pth
2025-10-31 21:11:33,703 - INFO - 进程 0 - 回合 1465: 奖励 = -20.00, 平均奖励 (最近5回合): -20.20, 总步数: 4985640
2025-10-31 21:11:37,670 - INFO - 进程 1 - 回合 1465: 奖励 = -20.00, 平均奖励 (最近5回合): -20.00, 总步数: 4990288
2025-10-31 21:11:41,925 - INFO - 模型已保存到: ./A3CModels/a3c_model_PongNoFrameskip-v4_step_4995236.pth
2025-10-31 21:11:43,441 - INFO - 进程 3 - 回合 1465: 奖励 = -20.00, 平均奖励 (最近5回合): -20.80, 总步数: 4997027
2025-10-31 21:11:45,143 - INFO - 进程 2 - 回合 1470: 奖励 = -20.00, 平均奖励 (最近5回合): -20.00, 总步数: 4999050
2025-10-31 21:11:47,597 - INFO - 进程 0 - 回合 1470: 奖励 = -21.00, 平均奖励 (最近5回合): -20.40, 总步数: 5001977
2025-10-31 21:11:51,423 - INFO - 进程 1 - 回合 1470: 奖励 = -21.00, 平均奖励 (最近5回合): -20.40, 总步数: 5006516
2025-10-31 21:11:51,941 - INFO - 模型已保存到: ./A3CModels/a3c_model_PongNoFrameskip-v4_step_5007109.pth
2025-10-31 21:11:56,944 - INFO - 训练进度: 5013000/9999999 (50.1%)
2025-10-31 21:11:56,949 - INFO - 训练状态已保存到: ./A3CModels/training_state_PongNoFrameskip-v4.json
2025-10-31 21:11:57,205 - INFO - 进程 3 - 回合 1470: 奖励 = -20.00, 平均奖励 (最近5回合): -20.40, 总步数: 5013305
2025-10-31 21:11:59,061 - INFO - 进程 2 - 回合 1475: 奖励 = -20.00, 平均奖励 (最近5回合): -20.20, 总步数: 5015500
2025-10-31 21:12:01,305 - INFO - 进程 0 - 回合 1475: 奖励 = -21.00, 平均奖励 (最近5回合): -20.40, 总步数: 5018083
2025-10-31 21:12:01,966 - INFO - 模型已保存到: ./A3CModels/a3c_model_PongNoFrameskip-v4_step_5018843.pth
2025-10-31 21:12:05,058 - INFO - 进程 1 - 回合 1475: 奖励 = -21.00, 平均奖励 (最近5回合): -20.60, 总步数: 5022462
2025-10-31 21:12:11,310 - INFO - 进程 3 - 回合 1475: 奖励 = -20.00, 平均奖励 (最近5回合): -20.20, 总步数: 5029819
2025-10-31 21:12:11,984 - INFO - 模型已保存到: ./A3CModels/a3c_model_PongNoFrameskip-v4_checkpoint_step_5030605.pth
2025-10-31 21:12:12,000 - INFO - 模型已保存到: ./A3CModels/a3c_model_PongNoFrameskip-v4_step_5030605.pth
2025-10-31 21:12:12,631 - INFO - 进程 2 - 回合 1480: 奖励 = -21.00, 平均奖励 (最近5回合): -20.60, 总步数: 5031402
2025-10-31 21:12:15,550 - INFO - 进程 0 - 回合 1480: 奖励 = -20.00, 平均奖励 (最近5回合): -20.20, 总步数: 5034597
2025-10-31 21:12:19,144 - INFO - 进程 1 - 回合 1480: 奖励 = -21.00, 平均奖励 (最近5回合): -20.60, 总步数: 5038482
2025-10-31 21:12:22,011 - INFO - 模型已保存到: ./A3CModels/a3c_model_PongNoFrameskip-v4_step_5041767.pth
2025-10-31 21:12:25,781 - INFO - 进程 3 - 回合 1480: 奖励 = -20.00, 平均奖励 (最近5回合): -20.40, 总步数: 5046061
2025-10-31 21:12:27,623 - INFO - 进程 2 - 回合 1485: 奖励 = -20.00, 平均奖励 (最近5回合): -20.00, 总步数: 5048181
2025-10-31 21:12:30,339 - INFO - 进程 0 - 回合 1485: 奖励 = -20.00, 平均奖励 (最近5回合): -20.00, 总步数: 5051365
2025-10-31 21:12:32,023 - INFO - 模型已保存到: ./A3CModels/a3c_model_PongNoFrameskip-v4_step_5053316.pth
2025-10-31 21:12:33,194 - INFO - 进程 1 - 回合 1485: 奖励 = -20.00, 平均奖励 (最近5回合): -20.40, 总步数: 5054733
2025-10-31 21:12:39,849 - INFO - 进程 3 - 回合 1485: 奖励 = -20.00, 平均奖励 (最近5回合): -20.20, 总步数: 5062621
2025-10-31 21:12:41,593 - INFO - 进程 2 - 回合 1490: 奖励 = -20.00, 平均奖励 (最近5回合): -20.40, 总步数: 5064639
2025-10-31 21:12:42,039 - INFO - 模型已保存到: ./A3CModels/a3c_model_PongNoFrameskip-v4_step_5065158.pth
2025-10-31 21:12:44,723 - INFO - 进程 0 - 回合 1490: 奖励 = -20.00, 平均奖励 (最近5回合): -20.00, 总步数: 5068332
2025-10-31 21:12:47,120 - INFO - 进程 1 - 回合 1490: 奖励 = -20.00, 平均奖励 (最近5回合): -20.40, 总步数: 5071006
2025-10-31 21:12:52,056 - INFO - 模型已保存到: ./A3CModels/a3c_model_PongNoFrameskip-v4_step_5076778.pth
2025-10-31 21:12:54,018 - INFO - 进程 3 - 回合 1490: 奖励 = -20.00, 平均奖励 (最近5回合): -20.40, 总步数: 5079094
2025-10-31 21:12:55,398 - INFO - 进程 2 - 回合 1495: 奖励 = -20.00, 平均奖励 (最近5回合): -20.60, 总步数: 5080662
2025-10-31 21:12:58,815 - INFO - 进程 0 - 回合 1495: 奖励 = -20.00, 平均奖励 (最近5回合): -20.20, 总步数: 5084730
2025-10-31 21:13:00,918 - INFO - 进程 1 - 回合 1495: 奖励 = -20.00, 平均奖励 (最近5回合): -20.60, 总步数: 5087255
2025-10-31 21:13:02,071 - INFO - 模型已保存到: ./A3CModels/a3c_model_PongNoFrameskip-v4_step_5088597.pth
2025-10-31 21:13:07,480 - INFO - 进程 3 - 回合 1495: 奖励 = -21.00, 平均奖励 (最近5回合): -20.80, 总步数: 5095005
2025-10-31 21:13:09,122 - INFO - 进程 2 - 回合 1500: 奖励 = -20.00, 平均奖励 (最近5回合): -20.40, 总步数: 5096956
2025-10-31 21:13:12,083 - INFO - 模型已保存到: ./A3CModels/a3c_model_PongNoFrameskip-v4_step_5100345.pth
2025-10-31 21:13:12,943 - INFO - 进程 0 - 回合 1500: 奖励 = -20.00, 平均奖励 (最近5回合): -20.00, 总步数: 5101372
2025-10-31 21:13:15,013 - INFO - 进程 1 - 回合 1500: 奖励 = -21.00, 平均奖励 (最近5回合): -20.20, 总步数: 5103817
2025-10-31 21:13:21,381 - INFO - 进程 3 - 回合 1500: 奖励 = -20.00, 平均奖励 (最近5回合): -20.40, 总步数: 5111316
2025-10-31 21:13:22,240 - INFO - 模型已保存到: ./A3CModels/a3c_model_PongNoFrameskip-v4_step_5112144.pth
2025-10-31 21:13:23,205 - INFO - 进程 2 - 回合 1505: 奖励 = -20.00, 平均奖励 (最近5回合): -20.40, 总步数: 5113452
2025-10-31 21:13:27,170 - INFO - 进程 0 - 回合 1505: 奖励 = -20.00, 平均奖励 (最近5回合): -20.00, 总步数: 5118054
2025-10-31 21:13:28,860 - INFO - 进程 1 - 回合 1505: 奖励 = -21.00, 平均奖励 (最近5回合): -20.60, 总步数: 5120041
2025-10-31 21:13:32,251 - INFO - 模型已保存到: ./A3CModels/a3c_model_PongNoFrameskip-v4_step_5124018.pth
2025-10-31 21:13:35,504 - INFO - 进程 3 - 回合 1505: 奖励 = -20.00, 平均奖励 (最近5回合): -20.20, 总步数: 5127846
2025-10-31 21:13:37,689 - INFO - 进程 2 - 回合 1510: 奖励 = -20.00, 平均奖励 (最近5回合): -20.20, 总步数: 5130420
2025-10-31 21:13:41,269 - INFO - 进程 0 - 回合 1510: 奖励 = -21.00, 平均奖励 (最近5回合): -20.40, 总步数: 5134555
2025-10-31 21:13:42,267 - INFO - 模型已保存到: ./A3CModels/a3c_model_PongNoFrameskip-v4_step_5135739.pth
2025-10-31 21:13:43,286 - INFO - 进程 1 - 回合 1510: 奖励 = -20.00, 平均奖励 (最近5回合): -20.00, 总步数: 5136967
2025-10-31 21:13:50,385 - INFO - 进程 3 - 回合 1510: 奖励 = -19.00, 平均奖励 (最近5回合): -20.00, 总步数: 5145423
2025-10-31 21:13:52,276 - INFO - 模型已保存到: ./A3CModels/a3c_model_PongNoFrameskip-v4_step_5147648.pth
2025-10-31 21:13:53,024 - INFO - 进程 2 - 回合 1515: 奖励 = -20.00, 平均奖励 (最近5回合): -19.60, 总步数: 5148533
2025-10-31 21:13:53,024 - INFO - 🎯 进程 2 开始学习! 平均奖励: -19.60
2025-10-31 21:13:56,866 - INFO - 进程 0 - 回合 1515: 奖励 = -21.00, 平均奖励 (最近5回合): -20.40, 总步数: 5152252
2025-10-31 21:13:58,153 - INFO - 进程 1 - 回合 1515: 奖励 = -21.00, 平均奖励 (最近5回合): -20.40, 总步数: 5153753
2025-10-31 21:14:02,293 - INFO - 模型已保存到: ./A3CModels/a3c_model_PongNoFrameskip-v4_step_5158541.pth
2025-10-31 21:14:06,091 - INFO - 进程 3 - 回合 1515: 奖励 = -20.00, 平均奖励 (最近5回合): -19.80, 总步数: 5163009
2025-10-31 21:14:06,092 - INFO - 🎯 进程 3 开始学习! 平均奖励: -19.80
2025-10-31 21:14:06,677 - INFO - 收到中断信号，停止训练
2025-10-31 21:14:06,907 - INFO - 训练被用户中断
2025-10-31 21:14:06,914 - INFO - 程序执行完毕
